-84524770.485646382;-84524770.485646382;-84524770.485646382;-84524770.485646382;-84524770.485646382;-84524770.485646382;-84524770.485646382;-84524770.485646382;-84524770.485646382;-84524770.485646382;-84524770.485646382;-84524770.485646382;-84524770.485646382;-84524770.485646382;-84524770.485646382;-84524770.485646382;-84524770.485646382;-84524770.485646382;-84524770.485646382;-84524770.485646382;-84524770.485646382;-84524770.485646382;-84524770.485646382;-84524770.485646382;-84524770.485646382;-84524770.485646382;-84524770.485646382;-84524770.485646382;-84524770.485646382;-84524770.485646382;-84524770.485646382;-84524770.485646382;-84524770.485646382;-84524770.485646382;-84524770.485646382;-84524770.485646382;-84524770.485646382;-84524770.485646382;-84524770.485646382;-84524770.485646382;-84524770.485646382;-84524770.485646382;-84524770.485646382;-84524770.485646382;-84524770.485646382;-84524770.485646382;-84524770.485646382;-84524770.485646382;-84524770.485646382;-84524770.485646382;-84524770.485646382;-84524770.485646382;-84524770.485646382;-84524770.485646382;-84524770.485646382;-84524770.485646382;-84524770.485646382;-84524770.485646382;-84524770.485646382;-84524770.485646382;-84524770.485646382;-84524770.485646382;-84524770.485646382;-84524770.485646382;-84524770.485646382;-84524770.485646382;-84524770.485646382;-84524770.485646382;-84524770.485646382;-84524770.485646382;-84524770.485646382;-84524770.485646382;-84524770.485646382;-84524770.485646382;-84524770.485646382;-84524770.485646382;-84524770.485646382;-84524770.485646382;-84524770.485646382;-84524770.485646382;-84524770.485646382;-84524770.485646382;-84524770.485646382;-84524770.485646382;-84524770.485646382;-84524770.485646382;-84524770.485646382;-84524770.485646382;-84524770.485646382;-84524770.485646382;-84524770.485646382;-84524770.485646382;-84524770.485646382;-84524770.485646382;-84524770.485646382;-84524770.485646382;-84524770.485646382;-84524770.485646382;-84524770.485646382;-84524770.485646382;-84524770.485646382;-84524770.485646382;-84524770.485646382;-84524770.485646382;-84524770.485646382;-84524770.485646382;-84524770.485646382;-84524770.485646382
0;70814368.763400197;70814368.763400197;70814368.763400197;70814368.763400197;70814368.763400197;70814368.763400197;70814368.763400197;70814368.763400197;70814368.763400197;70814368.763400197;70814368.763400197;70814368.763400197;70814368.763400197;70814368.763400197;70814368.763400197;70814368.763400197;70814368.763400197;0;70814368.763400197;0;70814368.763400197;70814368.763400197;70814368.763400197;70814368.763400197;70814368.763400197;0;0;70814368.763400197;70814368.763400197;70814368.763400197;70814368.763400197;0;0;0;0;70814368.763400197;70814368.763400197;70814368.763400197;70814368.763400197;70814368.763400197;70814368.763400197;70814368.763400197;70814368.763400197;0;70814368.763400197;70814368.763400197;70814368.763400197;70814368.763400197;0;70814368.763400197;0;0;70814368.763400197;0;70814368.763400197;70814368.763400197;70814368.763400197;70814368.763400197;70814368.763400197;70814368.763400197;70814368.763400197;70814368.763400197;70814368.763400197;70814368.763400197;70814368.763400197;70814368.763400197;70814368.763400197;70814368.763400197;70814368.763400197;70814368.763400197;70814368.763400197;0;70814368.763400197;70814368.763400197;70814368.763400197;0;70814368.763400197;0;0;70814368.763400197;0;70814368.763400197;70814368.763400197;70814368.763400197;70814368.763400197;70814368.763400197;70814368.763400197;70814368.763400197;70814368.763400197;70814368.763400197;70814368.763400197;70814368.763400197;70814368.763400197;70814368.763400197;0;70814368.763400197;70814368.763400197;0;70814368.763400197;70814368.763400197;70814368.763400197;70814368.763400197;70814368.763400197;0;0;70814368.763400197;70814368.763400197
-112637675.78547011;-112637675.78547011;-112637675.78547011;-112637675.78547011;-112637675.78547011;-112637675.78547011;-112637675.78547011;-112637675.78547011;-112637675.78547011;-112637675.78547011;-112637675.78547011;-112637675.78547011;-112637675.78547011;-112637675.78547011;-112637675.78547011;-112637675.78547011;-112637675.78547011;-112637675.78547011;-112637675.78547011;-112637675.78547011;-112637675.78547011;-112637675.78547011;-112637675.78547011;-112637675.78547011;-112637675.78547011;-112637675.78547011;-112637675.78547011;-112637675.78547011;-112637675.78547011;-112637675.78547011;-112637675.78547011;-112637675.78547011;-112637675.78547011;-112637675.78547011;-112637675.78547011;-112637675.78547011;-112637675.78547011;-112637675.78547011;-112637675.78547011;-112637675.78547011;-112637675.78547011;-112637675.78547011;-112637675.78547011;0;-112637675.78547011;-112637675.78547011;-112637675.78547011;-112637675.78547011;-112637675.78547011;-112637675.78547011;-112637675.78547011;-112637675.78547011;-112637675.78547011;-112637675.78547011;-112637675.78547011;-112637675.78547011;-112637675.78547011;-112637675.78547011;-112637675.78547011;-112637675.78547011;-112637675.78547011;-112637675.78547011;-112637675.78547011;-112637675.78547011;-112637675.78547011;-112637675.78547011;-112637675.78547011;-112637675.78547011;-112637675.78547011;-112637675.78547011;-112637675.78547011;-112637675.78547011;-112637675.78547011;-112637675.78547011;-112637675.78547011;-112637675.78547011;-112637675.78547011;-112637675.78547011;-112637675.78547011;-112637675.78547011;-112637675.78547011;-112637675.78547011;-112637675.78547011;-112637675.78547011;-112637675.78547011;-112637675.78547011;-112637675.78547011;-112637675.78547011;-112637675.78547011;-112637675.78547011;-112637675.78547011;-112637675.78547011;-112637675.78547011;-112637675.78547011;-112637675.78547011;-112637675.78547011;-112637675.78547011;-112637675.78547011;-112637675.78547011;-112637675.78547011;-112637675.78547011;-112637675.78547011;-112637675.78547011;-112637675.78547011;-112637675.78547011;-112637675.78547011;-112637675.78547011;-112637675.78547011
0;-482634417.06641322;-482634417.06641322;-482634417.06641322;-482634417.06641322;0;0;-482634417.06641322;-482634417.06641322;-482634417.06641322;-482634417.06641322;-482634417.06641322;-482634417.06641322;-482634417.06641322;0;-482634417.06641322;-482634417.06641322;0;-482634417.06641322;-482634417.06641322;-482634417.06641322;-482634417.06641322;-482634417.06641322;0;-482634417.06641322;-482634417.06641322;0;-482634417.06641322;0;-482634417.06641322;-482634417.06641322;-482634417.06641322;-482634417.06641322;0;-482634417.06641322;-482634417.06641322;-482634417.06641322;-482634417.06641322;-482634417.06641322;-482634417.06641322;-482634417.06641322;-482634417.06641322;-482634417.06641322;-482634417.06641322;-482634417.06641322;-482634417.06641322;-482634417.06641322;-482634417.06641322;0;-482634417.06641322;-482634417.06641322;-482634417.06641322;-482634417.06641322;-482634417.06641322;-482634417.06641322;-482634417.06641322;-482634417.06641322;-482634417.06641322;-482634417.06641322;-482634417.06641322;-482634417.06641322;-482634417.06641322;-482634417.06641322;0;-482634417.06641322;-482634417.06641322;0;-482634417.06641322;-482634417.06641322;-482634417.06641322;-482634417.06641322;-482634417.06641322;-482634417.06641322;-482634417.06641322;-482634417.06641322;0;-482634417.06641322;0;-482634417.06641322;-482634417.06641322;0;-482634417.06641322;-482634417.06641322;-482634417.06641322;-482634417.06641322;0;-482634417.06641322;-482634417.06641322;-482634417.06641322;-482634417.06641322;-482634417.06641322;-482634417.06641322;0;-482634417.06641322;-482634417.06641322;0;-482634417.06641322;0;-482634417.06641322;-482634417.06641322;-482634417.06641322;-482634417.06641322;-482634417.06641322;-482634417.06641322;0;-482634417.06641322;0;-482634417.06641322
-87154214.009722129;0;-87154214.009722129;-87154214.009722129;-87154214.009722129;-87154214.009722129;-87154214.009722129;-87154214.009722129;-87154214.009722129;-87154214.009722129;-87154214.009722129;-87154214.009722129;-87154214.009722129;-87154214.009722129;-87154214.009722129;-87154214.009722129;0;-87154214.009722129;-87154214.009722129;-87154214.009722129;-87154214.009722129;-87154214.009722129;0;-87154214.009722129;-87154214.009722129;0;-87154214.009722129;-87154214.009722129;-87154214.009722129;-87154214.009722129;-87154214.009722129;-87154214.009722129;-87154214.009722129;-87154214.009722129;-87154214.009722129;-87154214.009722129;-87154214.009722129;-87154214.009722129;-87154214.009722129;0;-87154214.009722129;-87154214.009722129;-87154214.009722129;-87154214.009722129;-87154214.009722129;-87154214.009722129;-87154214.009722129;-87154214.009722129;-87154214.009722129;-87154214.009722129;-87154214.009722129;-87154214.009722129;-87154214.009722129;-87154214.009722129;-87154214.009722129;-87154214.009722129;-87154214.009722129;-87154214.009722129;-87154214.009722129;-87154214.009722129;-87154214.009722129;-87154214.009722129;-87154214.009722129;-87154214.009722129;-87154214.009722129;-87154214.009722129;-87154214.009722129;-87154214.009722129;-87154214.009722129;-87154214.009722129;-87154214.009722129;0;-87154214.009722129;-87154214.009722129;-87154214.009722129;-87154214.009722129;0;-87154214.009722129;-87154214.009722129;0;-87154214.009722129;-87154214.009722129;-87154214.009722129;-87154214.009722129;-87154214.009722129;-87154214.009722129;-87154214.009722129;-87154214.009722129;-87154214.009722129;-87154214.009722129;-87154214.009722129;-87154214.009722129;-87154214.009722129;-87154214.009722129;0;-87154214.009722129;-87154214.009722129;-87154214.009722129;-87154214.009722129;-87154214.009722129;-87154214.009722129;-87154214.009722129;-87154214.009722129;-87154214.009722129;-87154214.009722129;-87154214.009722129;-87154214.009722129;-87154214.009722129
-60435252.570615038;-60435252.570615038;-60435252.570615038;-60435252.570615038;-60435252.570615038;-60435252.570615038;-60435252.570615038;-60435252.570615038;-60435252.570615038;-60435252.570615038;-60435252.570615038;-60435252.570615038;-60435252.570615038;-60435252.570615038;-60435252.570615038;-60435252.570615038;-60435252.570615038;-60435252.570615038;-60435252.570615038;-60435252.570615038;-60435252.570615038;-60435252.570615038;-60435252.570615038;-60435252.570615038;-60435252.570615038;-60435252.570615038;-60435252.570615038;-60435252.570615038;-60435252.570615038;-60435252.570615038;-60435252.570615038;-60435252.570615038;-60435252.570615038;-60435252.570615038;-60435252.570615038;-60435252.570615038;-60435252.570615038;-60435252.570615038;-60435252.570615038;-60435252.570615038;-60435252.570615038;-60435252.570615038;-60435252.570615038;-60435252.570615038;-60435252.570615038;-60435252.570615038;-60435252.570615038;-60435252.570615038;-60435252.570615038;-60435252.570615038;-60435252.570615038;-60435252.570615038;-60435252.570615038;-60435252.570615038;-60435252.570615038;-60435252.570615038;-60435252.570615038;-60435252.570615038;-60435252.570615038;-60435252.570615038;-60435252.570615038;-60435252.570615038;0;-60435252.570615038;-60435252.570615038;-60435252.570615038;-60435252.570615038;-60435252.570615038;-60435252.570615038;-60435252.570615038;-60435252.570615038;-60435252.570615038;-60435252.570615038;-60435252.570615038;-60435252.570615038;-60435252.570615038;-60435252.570615038;-60435252.570615038;-60435252.570615038;-60435252.570615038;-60435252.570615038;-60435252.570615038;-60435252.570615038;0;-60435252.570615038;-60435252.570615038;-60435252.570615038;-60435252.570615038;-60435252.570615038;-60435252.570615038;-60435252.570615038;-60435252.570615038;-60435252.570615038;-60435252.570615038;-60435252.570615038;-60435252.570615038;-60435252.570615038;-60435252.570615038;-60435252.570615038;-60435252.570615038;-60435252.570615038;-60435252.570615038;-60435252.570615038;-60435252.570615038;-60435252.570615038;-60435252.570615038;-60435252.570615038;-60435252.570615038
-33737461.60405156;-33737461.60405156;-33737461.60405156;-33737461.60405156;-33737461.60405156;-33737461.60405156;-33737461.60405156;-33737461.60405156;-33737461.60405156;-33737461.60405156;-33737461.60405156;-33737461.60405156;-33737461.60405156;-33737461.60405156;-33737461.60405156;-33737461.60405156;-33737461.60405156;-33737461.60405156;-33737461.60405156;-33737461.60405156;-33737461.60405156;-33737461.60405156;-33737461.60405156;-33737461.60405156;-33737461.60405156;-33737461.60405156;-33737461.60405156;-33737461.60405156;-33737461.60405156;-33737461.60405156;-33737461.60405156;-33737461.60405156;-33737461.60405156;-33737461.60405156;-33737461.60405156;-33737461.60405156;-33737461.60405156;-33737461.60405156;-33737461.60405156;-33737461.60405156;-33737461.60405156;-33737461.60405156;-33737461.60405156;-33737461.60405156;-33737461.60405156;-33737461.60405156;-33737461.60405156;-33737461.60405156;-33737461.60405156;-33737461.60405156;-33737461.60405156;-33737461.60405156;-33737461.60405156;-33737461.60405156;-33737461.60405156;-33737461.60405156;-33737461.60405156;-33737461.60405156;-33737461.60405156;-33737461.60405156;-33737461.60405156;-33737461.60405156;-33737461.60405156;-33737461.60405156;-33737461.60405156;-33737461.60405156;-33737461.60405156;-33737461.60405156;-33737461.60405156;-33737461.60405156;-33737461.60405156;-33737461.60405156;-33737461.60405156;-33737461.60405156;-33737461.60405156;-33737461.60405156;-33737461.60405156;-33737461.60405156;-33737461.60405156;-33737461.60405156;-33737461.60405156;-33737461.60405156;-33737461.60405156;-33737461.60405156;-33737461.60405156;-33737461.60405156;-33737461.60405156;-33737461.60405156;-33737461.60405156;-33737461.60405156;-33737461.60405156;-33737461.60405156;-33737461.60405156;-33737461.60405156;-33737461.60405156;-33737461.60405156;-33737461.60405156;-33737461.60405156;-33737461.60405156;-33737461.60405156;-33737461.60405156;-33737461.60405156;-33737461.60405156;-33737461.60405156;-33737461.60405156;-33737461.60405156;-33737461.60405156;-33737461.60405156
-5916173.3430658849;-5916173.3430658849;-5916173.3430658849;-5916173.3430658849;-5916173.3430658849;-5916173.3430658849;-5916173.3430658849;-5916173.3430658849;-5916173.3430658849;-5916173.3430658849;-5916173.3430658849;-5916173.3430658849;-5916173.3430658849;-5916173.3430658849;-5916173.3430658849;-5916173.3430658849;-5916173.3430658849;-5916173.3430658849;-5916173.3430658849;-5916173.3430658849;-5916173.3430658849;-5916173.3430658849;-5916173.3430658849;-5916173.3430658849;-5916173.3430658849;-5916173.3430658849;-5916173.3430658849;-5916173.3430658849;-5916173.3430658849;-5916173.3430658849;-5916173.3430658849;-5916173.3430658849;-5916173.3430658849;-5916173.3430658849;-5916173.3430658849;-5916173.3430658849;-5916173.3430658849;-5916173.3430658849;-5916173.3430658849;-5916173.3430658849;-5916173.3430658849;-5916173.3430658849;-5916173.3430658849;-5916173.3430658849;-5916173.3430658849;-5916173.3430658849;-5916173.3430658849;-5916173.3430658849;-5916173.3430658849;-5916173.3430658849;-5916173.3430658849;-5916173.3430658849;-5916173.3430658849;-5916173.3430658849;-5916173.3430658849;-5916173.3430658849;-5916173.3430658849;-5916173.3430658849;-5916173.3430658849;-5916173.3430658849;-5916173.3430658849;-5916173.3430658849;-5916173.3430658849;-5916173.3430658849;-5916173.3430658849;-5916173.3430658849;-5916173.3430658849;-5916173.3430658849;-5916173.3430658849;-5916173.3430658849;-5916173.3430658849;-5916173.3430658849;-5916173.3430658849;-5916173.3430658849;-5916173.3430658849;-5916173.3430658849;-5916173.3430658849;-5916173.3430658849;-5916173.3430658849;-5916173.3430658849;-5916173.3430658849;-5916173.3430658849;-5916173.3430658849;-5916173.3430658849;-5916173.3430658849;-5916173.3430658849;-5916173.3430658849;-5916173.3430658849;-5916173.3430658849;-5916173.3430658849;-5916173.3430658849;-5916173.3430658849;-5916173.3430658849;-5916173.3430658849;-5916173.3430658849;-5916173.3430658849;-5916173.3430658849;-5916173.3430658849;-5916173.3430658849;-5916173.3430658849;-5916173.3430658849;-5916173.3430658849;-5916173.3430658849;-5916173.3430658849;-5916173.3430658849;-5916173.3430658849;-5916173.3430658849;-5916173.3430658849
-67656168.526822954;-67656168.526822954;-67656168.526822954;-67656168.526822954;-67656168.526822954;-67656168.526822954;-67656168.526822954;-67656168.526822954;-67656168.526822954;-67656168.526822954;-67656168.526822954;-67656168.526822954;-67656168.526822954;-67656168.526822954;-67656168.526822954;-67656168.526822954;-67656168.526822954;-67656168.526822954;-67656168.526822954;-67656168.526822954;-67656168.526822954;-67656168.526822954;-67656168.526822954;-67656168.526822954;-67656168.526822954;-67656168.526822954;-67656168.526822954;-67656168.526822954;-67656168.526822954;-67656168.526822954;-67656168.526822954;-67656168.526822954;-67656168.526822954;-67656168.526822954;-67656168.526822954;-67656168.526822954;-67656168.526822954;-67656168.526822954;-67656168.526822954;-67656168.526822954;-67656168.526822954;-67656168.526822954;-67656168.526822954;-67656168.526822954;-67656168.526822954;-67656168.526822954;-67656168.526822954;-67656168.526822954;-67656168.526822954;-67656168.526822954;-67656168.526822954;-67656168.526822954;-67656168.526822954;-67656168.526822954;-67656168.526822954;-67656168.526822954;-67656168.526822954;-67656168.526822954;-67656168.526822954;-67656168.526822954;-67656168.526822954;-67656168.526822954;-67656168.526822954;-67656168.526822954;-67656168.526822954;-67656168.526822954;-67656168.526822954;-67656168.526822954;-67656168.526822954;-67656168.526822954;-67656168.526822954;-67656168.526822954;-67656168.526822954;-67656168.526822954;-67656168.526822954;-67656168.526822954;-67656168.526822954;-67656168.526822954;-67656168.526822954;-67656168.526822954;-67656168.526822954;-67656168.526822954;-67656168.526822954;-67656168.526822954;-67656168.526822954;-67656168.526822954;-67656168.526822954;-67656168.526822954;-67656168.526822954;-67656168.526822954;-67656168.526822954;-67656168.526822954;-67656168.526822954;-67656168.526822954;-67656168.526822954;-67656168.526822954;-67656168.526822954;-67656168.526822954;-67656168.526822954;-67656168.526822954;-67656168.526822954;-67656168.526822954;-67656168.526822954;-67656168.526822954;-67656168.526822954;-67656168.526822954;-67656168.526822954;-67656168.526822954
-481054561.60877669;-481054561.60877669;-481054561.60877669;-481054561.60877669;-481054561.60877669;-481054561.60877669;-481054561.60877669;-481054561.60877669;-481054561.60877669;-481054561.60877669;-481054561.60877669;-481054561.60877669;-481054561.60877669;-481054561.60877669;-481054561.60877669;-481054561.60877669;-481054561.60877669;0;-481054561.60877669;-481054561.60877669;-481054561.60877669;-481054561.60877669;-481054561.60877669;-481054561.60877669;-481054561.60877669;-481054561.60877669;-481054561.60877669;-481054561.60877669;-481054561.60877669;-481054561.60877669;-481054561.60877669;-481054561.60877669;-481054561.60877669;-481054561.60877669;-481054561.60877669;-481054561.60877669;-481054561.60877669;-481054561.60877669;-481054561.60877669;-481054561.60877669;-481054561.60877669;-481054561.60877669;-481054561.60877669;-481054561.60877669;-481054561.60877669;-481054561.60877669;-481054561.60877669;-481054561.60877669;-481054561.60877669;-481054561.60877669;-481054561.60877669;-481054561.60877669;-481054561.60877669;-481054561.60877669;-481054561.60877669;-481054561.60877669;-481054561.60877669;-481054561.60877669;-481054561.60877669;-481054561.60877669;0;-481054561.60877669;-481054561.60877669;-481054561.60877669;-481054561.60877669;-481054561.60877669;-481054561.60877669;-481054561.60877669;-481054561.60877669;-481054561.60877669;-481054561.60877669;-481054561.60877669;-481054561.60877669;-481054561.60877669;-481054561.60877669;-481054561.60877669;-481054561.60877669;-481054561.60877669;-481054561.60877669;-481054561.60877669;-481054561.60877669;-481054561.60877669;-481054561.60877669;-481054561.60877669;-481054561.60877669;-481054561.60877669;-481054561.60877669;-481054561.60877669;-481054561.60877669;-481054561.60877669;-481054561.60877669;-481054561.60877669;-481054561.60877669;-481054561.60877669;-481054561.60877669;-481054561.60877669;-481054561.60877669;-481054561.60877669;-481054561.60877669;-481054561.60877669;-481054561.60877669;-481054561.60877669;0;-481054561.60877669;-481054561.60877669;-481054561.60877669;-481054561.60877669;-481054561.60877669
-889809902.43375671;-889809902.43375671;-889809902.43375671;-889809902.43375671;-889809902.43375671;-889809902.43375671;-889809902.43375671;-889809902.43375671;-889809902.43375671;-889809902.43375671;0;-889809902.43375671;-889809902.43375671;-889809902.43375671;-889809902.43375671;-889809902.43375671;-889809902.43375671;-889809902.43375671;-889809902.43375671;-889809902.43375671;-889809902.43375671;-889809902.43375671;-889809902.43375671;-889809902.43375671;-889809902.43375671;-889809902.43375671;-889809902.43375671;-889809902.43375671;-889809902.43375671;-889809902.43375671;-889809902.43375671;-889809902.43375671;-889809902.43375671;-889809902.43375671;-889809902.43375671;-889809902.43375671;-889809902.43375671;-889809902.43375671;-889809902.43375671;-889809902.43375671;-889809902.43375671;-889809902.43375671;-889809902.43375671;-889809902.43375671;-889809902.43375671;0;-889809902.43375671;-889809902.43375671;-889809902.43375671;-889809902.43375671;-889809902.43375671;-889809902.43375671;-889809902.43375671;-889809902.43375671;-889809902.43375671;-889809902.43375671;-889809902.43375671;-889809902.43375671;0;-889809902.43375671;-889809902.43375671;0;-889809902.43375671;-889809902.43375671;-889809902.43375671;0;-889809902.43375671;-889809902.43375671;-889809902.43375671;-889809902.43375671;-889809902.43375671;-889809902.43375671;0;-889809902.43375671;-889809902.43375671;-889809902.43375671;-889809902.43375671;-889809902.43375671;-889809902.43375671;-889809902.43375671;-889809902.43375671;-889809902.43375671;-889809902.43375671;-889809902.43375671;-889809902.43375671;-889809902.43375671;-889809902.43375671;-889809902.43375671;-889809902.43375671;-889809902.43375671;-889809902.43375671;-889809902.43375671;-889809902.43375671;0;-889809902.43375671;-889809902.43375671;-889809902.43375671;-889809902.43375671;-889809902.43375671;-889809902.43375671;-889809902.43375671;-889809902.43375671;-889809902.43375671;-889809902.43375671;-889809902.43375671;-889809902.43375671;-889809902.43375671;-889809902.43375671
469434494.20577258;0;0;0;0;0;469434494.20577258;469434494.20577258;0;0;469434494.20577258;469434494.20577258;469434494.20577258;0;0;469434494.20577258;0;469434494.20577258;469434494.20577258;0;469434494.20577258;0;0;0;0;469434494.20577258;0;469434494.20577258;469434494.20577258;0;469434494.20577258;0;0;469434494.20577258;469434494.20577258;469434494.20577258;0;0;0;469434494.20577258;469434494.20577258;469434494.20577258;469434494.20577258;469434494.20577258;0;469434494.20577258;0;0;469434494.20577258;0;469434494.20577258;0;469434494.20577258;0;469434494.20577258;0;0;0;469434494.20577258;469434494.20577258;469434494.20577258;469434494.20577258;469434494.20577258;0;469434494.20577258;469434494.20577258;469434494.20577258;0;469434494.20577258;469434494.20577258;0;469434494.20577258;469434494.20577258;469434494.20577258;469434494.20577258;469434494.20577258;469434494.20577258;469434494.20577258;469434494.20577258;469434494.20577258;469434494.20577258;469434494.20577258;469434494.20577258;0;0;469434494.20577258;0;0;0;469434494.20577258;0;469434494.20577258;469434494.20577258;469434494.20577258;0;469434494.20577258;469434494.20577258;469434494.20577258;469434494.20577258;469434494.20577258;469434494.20577258;0;469434494.20577258;469434494.20577258;469434494.20577258;469434494.20577258;0;0
496958425.601717;0;496958425.601717;0;496958425.601717;0;496958425.601717;0;0;0;496958425.601717;496958425.601717;496958425.601717;496958425.601717;0;496958425.601717;496958425.601717;496958425.601717;0;0;0;0;496958425.601717;0;496958425.601717;0;0;0;496958425.601717;496958425.601717;0;496958425.601717;0;496958425.601717;0;0;496958425.601717;0;0;496958425.601717;0;0;496958425.601717;0;0;496958425.601717;496958425.601717;496958425.601717;496958425.601717;0;496958425.601717;0;0;0;496958425.601717;0;496958425.601717;0;496958425.601717;496958425.601717;496958425.601717;0;496958425.601717;496958425.601717;0;496958425.601717;496958425.601717;0;496958425.601717;0;496958425.601717;0;0;0;0;496958425.601717;0;0;0;496958425.601717;496958425.601717;496958425.601717;496958425.601717;496958425.601717;0;496958425.601717;496958425.601717;0;0;0;0;0;0;496958425.601717;496958425.601717;496958425.601717;496958425.601717;496958425.601717;0;0;0;496958425.601717;496958425.601717;0;0;496958425.601717;0;496958425.601717
0;0;381796051.62122285;381796051.62122285;0;381796051.62122285;0;0;381796051.62122285;0;381796051.62122285;0;381796051.62122285;381796051.62122285;381796051.62122285;0;0;381796051.62122285;381796051.62122285;0;0;0;0;0;0;0;0;0;0;0;0;0;0;0;0;381796051.62122285;0;0;0;0;0;0;0;0;0;0;0;0;0;0;0;0;0;0;0;0;0;0;381796051.62122285;0;381796051.62122285;0;0;0;0;0;381796051.62122285;381796051.62122285;381796051.62122285;0;0;0;0;381796051.62122285;0;0;381796051.62122285;0;0;381796051.62122285;381796051.62122285;0;0;0;0;0;381796051.62122285;0;0;0;0;0;0;0;0;0;381796051.62122285;381796051.62122285;0;381796051.62122285;0;0;0;0;0;0;0;0
941656386.62113059;941656386.62113059;0;0;0;0;0;941656386.62113059;0;0;0;0;0;0;0;0;0;0;0;0;0;0;0;0;0;0;941656386.62113059;0;0;941656386.62113059;941656386.62113059;0;941656386.62113059;0;0;0;941656386.62113059;0;0;0;0;0;0;941656386.62113059;0;0;0;941656386.62113059;0;941656386.62113059;0;0;941656386.62113059;0;0;941656386.62113059;0;941656386.62113059;0;941656386.62113059;0;0;941656386.62113059;0;0;941656386.62113059;0;0;0;0;941656386.62113059;0;941656386.62113059;0;0;0;0;0;941656386.62113059;0;0;941656386.62113059;941656386.62113059;0;0;941656386.62113059;0;0;0;0;941656386.62113059;941656386.62113059;941656386.62113059;0;941656386.62113059;941656386.62113059;0;941656386.62113059;0;0;941656386.62113059;0;0;0;0;941656386.62113059;0;0
-2499162782.6539278;-2499162782.6539278;0;-2499162782.6539278;0;0;0;0;-2499162782.6539278;0;0;-2499162782.6539278;0;0;0;0;0;0;0;0;-2499162782.6539278;0;0;-2499162782.6539278;-2499162782.6539278;0;0;0;0;0;0;0;-2499162782.6539278;0;0;0;0;-2499162782.6539278;0;0;0;-2499162782.6539278;-2499162782.6539278;0;0;-2499162782.6539278;0;0;-2499162782.6539278;-2499162782.6539278;0;-2499162782.6539278;-2499162782.6539278;0;0;-2499162782.6539278;-2499162782.6539278;0;0;0;0;0;0;0;0;0;0;0;0;-2499162782.6539278;-2499162782.6539278;-2499162782.6539278;0;0;0;-2499162782.6539278;0;0;0;0;0;0;0;0;0;0;0;0;0;-2499162782.6539278;0;0;-2499162782.6539278;-2499162782.6539278;0;0;0;-2499162782.6539278;-2499162782.6539278;0;0;0;0;0;0;0;0;0
1262482944.33164;0;0;1262482944.33164;0;0;1262482944.33164;0;1262482944.33164;0;1262482944.33164;0;0;1262482944.33164;1262482944.33164;0;1262482944.33164;1262482944.33164;0;1262482944.33164;1262482944.33164;0;0;1262482944.33164;1262482944.33164;0;0;1262482944.33164;1262482944.33164;0;1262482944.33164;0;0;1262482944.33164;0;1262482944.33164;1262482944.33164;0;1262482944.33164;1262482944.33164;0;1262482944.33164;0;1262482944.33164;1262482944.33164;1262482944.33164;1262482944.33164;0;0;1262482944.33164;1262482944.33164;1262482944.33164;1262482944.33164;0;1262482944.33164;1262482944.33164;1262482944.33164;1262482944.33164;1262482944.33164;0;1262482944.33164;0;1262482944.33164;0;1262482944.33164;1262482944.33164;0;0;0;0;0;1262482944.33164;1262482944.33164;1262482944.33164;1262482944.33164;0;0;0;0;1262482944.33164;1262482944.33164;0;1262482944.33164;1262482944.33164;1262482944.33164;1262482944.33164;0;1262482944.33164;0;0;1262482944.33164;0;1262482944.33164;1262482944.33164;0;1262482944.33164;1262482944.33164;1262482944.33164;1262482944.33164;1262482944.33164;0;1262482944.33164;0;1262482944.33164;1262482944.33164;1262482944.33164;1262482944.33164;0
0;2331993720.1786814;2331993720.1786814;0;2331993720.1786814;0;2331993720.1786814;0;2331993720.1786814;2331993720.1786814;0;2331993720.1786814;0;0;0;2331993720.1786814;2331993720.1786814;0;2331993720.1786814;2331993720.1786814;2331993720.1786814;2331993720.1786814;2331993720.1786814;2331993720.1786814;2331993720.1786814;2331993720.1786814;2331993720.1786814;2331993720.1786814;2331993720.1786814;0;0;2331993720.1786814;0;0;2331993720.1786814;2331993720.1786814;0;2331993720.1786814;2331993720.1786814;2331993720.1786814;2331993720.1786814;2331993720.1786814;2331993720.1786814;2331993720.1786814;2331993720.1786814;2331993720.1786814;2331993720.1786814;0;2331993720.1786814;2331993720.1786814;2331993720.1786814;0;0;2331993720.1786814;2331993720.1786814;2331993720.1786814;2331993720.1786814;2331993720.1786814;0;0;0;2331993720.1786814;2331993720.1786814;2331993720.1786814;2331993720.1786814;2331993720.1786814;2331993720.1786814;0;0;2331993720.1786814;2331993720.1786814;2331993720.1786814;2331993720.1786814;0;2331993720.1786814;2331993720.1786814;2331993720.1786814;2331993720.1786814;2331993720.1786814;0;2331993720.1786814;2331993720.1786814;0;2331993720.1786814;2331993720.1786814;2331993720.1786814;2331993720.1786814;2331993720.1786814;2331993720.1786814;2331993720.1786814;2331993720.1786814;2331993720.1786814;2331993720.1786814;2331993720.1786814;2331993720.1786814;0;0;0;2331993720.1786814;2331993720.1786814;2331993720.1786814;2331993720.1786814;2331993720.1786814;2331993720.1786814;2331993720.1786814;0;2331993720.1786814;2331993720.1786814
0;0;0;0;0;-264300869.2234312;0;-264300869.2234312;0;0;0;0;0;0;-264300869.2234312;0;0;0;0;0;0;0;0;0;0;-264300869.2234312;0;0;0;0;-264300869.2234312;0;-264300869.2234312;0;0;0;0;0;-264300869.2234312;0;0;0;0;0;0;0;0;0;0;0;0;0;0;0;0;0;0;-264300869.2234312;0;-264300869.2234312;0;0;0;0;0;0;0;-264300869.2234312;0;0;0;0;0;0;-264300869.2234312;-264300869.2234312;0;0;0;0;0;0;0;0;0;0;0;0;0;0;0;0;-264300869.2234312;0;0;0;0;0;-264300869.2234312;0;0;0;0;0;-264300869.2234312;0;0;0
0;0;0;0;0;0;0;0;-2097135179.459028;0;0;0;0;0;0;-2097135179.459028;-2097135179.459028;0;0;0;0;0;0;-2097135179.459028;0;0;0;0;0;-2097135179.459028;0;0;0;0;-2097135179.459028;-2097135179.459028;0;0;0;0;0;0;-2097135179.459028;-2097135179.459028;0;0;0;-2097135179.459028;0;0;-2097135179.459028;-2097135179.459028;0;0;0;0;0;0;0;0;0;0;-2097135179.459028;0;0;-2097135179.459028;0;0;0;0;0;0;-2097135179.459028;-2097135179.459028;0;-2097135179.459028;-2097135179.459028;0;0;0;-2097135179.459028;0;-2097135179.459028;0;0;0;-2097135179.459028;0;-2097135179.459028;-2097135179.459028;0;0;0;0;-2097135179.459028;0;0;0;0;0;0;-2097135179.459028;0;0;-2097135179.459028;-2097135179.459028;-2097135179.459028;-2097135179.459028
0;0;0;0;0;0;0;0;0;0;-4701264193.4227114;0;0;0;0;0;0;0;0;0;0;0;0;0;0;0;0;0;0;0;0;0;0;0;0;0;0;0;0;0;0;0;-4701264193.4227114;0;0;-4701264193.4227114;0;0;0;0;0;0;0;0;0;0;0;0;0;0;0;0;0;0;0;0;0;0;0;0;0;0;0;0;0;0;0;0;-4701264193.4227114;0;0;0;0;0;0;0;0;0;0;0;0;0;0;0;0;0;0;0;0;0;0;0;0;0;0;0;0;0
0;0;0;396044734.57783425;0;0;0;0;0;0;0;0;0;0;0;0;0;0;0;0;0;0;0;0;0;0;0;0;0;0;0;0;0;0;0;0;396044734.57783425;0;0;0;0;0;0;0;0;0;0;0;0;396044734.57783425;0;0;0;0;0;0;0;0;0;0;0;0;0;0;0;0;0;0;0;0;0;0;0;0;0;0;0;0;0;0;0;0;0;0;0;0;0;0;0;0;0;0;0;0;0;0;0;0;0;0;0;0;0;0;0;0;0;0
0;0;0;0;0;0;0;0;0;0;0;0;0;0;0;0;0;0;0;0;0;0;0;0;0;0;0;0;0;0;-1275970216.2832108;0;0;0;0;0;0;0;0;0;0;0;0;0;0;0;0;0;0;0;0;0;0;0;0;-1275970216.2832108;0;0;0;0;0;0;0;0;0;-1275970216.2832108;-1275970216.2832108;0;-1275970216.2832108;0;0;0;0;0;0;0;0;0;0;0;-1275970216.2832108;0;0;0;0;0;0;0;0;0;0;0;0;0;0;0;0;0;0;0;0;0;0;0;0;0;0;0
-494491675.80411893;-494491675.80411893;-494491675.80411893;-494491675.80411893;-494491675.80411893;-494491675.80411893;-494491675.80411893;-494491675.80411893;-494491675.80411893;-494491675.80411893;-494491675.80411893;-494491675.80411893;-494491675.80411893;-494491675.80411893;-494491675.80411893;-494491675.80411893;-494491675.80411893;-494491675.80411893;-494491675.80411893;-494491675.80411893;-494491675.80411893;-494491675.80411893;-494491675.80411893;-494491675.80411893;-494491675.80411893;-494491675.80411893;-494491675.80411893;-494491675.80411893;-494491675.80411893;-494491675.80411893;-494491675.80411893;-494491675.80411893;-494491675.80411893;-494491675.80411893;-494491675.80411893;-494491675.80411893;-494491675.80411893;-494491675.80411893;-494491675.80411893;-494491675.80411893;-494491675.80411893;-494491675.80411893;-494491675.80411893;-494491675.80411893;-494491675.80411893;-494491675.80411893;-494491675.80411893;-494491675.80411893;-494491675.80411893;-494491675.80411893;-494491675.80411893;-494491675.80411893;-494491675.80411893;-494491675.80411893;-494491675.80411893;-494491675.80411893;-494491675.80411893;-494491675.80411893;-494491675.80411893;-494491675.80411893;-494491675.80411893;-494491675.80411893;-494491675.80411893;-494491675.80411893;-494491675.80411893;-494491675.80411893;-494491675.80411893;-494491675.80411893;-494491675.80411893;-494491675.80411893;-494491675.80411893;-494491675.80411893;-494491675.80411893;-494491675.80411893;-494491675.80411893;-494491675.80411893;-494491675.80411893;-494491675.80411893;-494491675.80411893;-494491675.80411893;-494491675.80411893;-494491675.80411893;-494491675.80411893;-494491675.80411893;-494491675.80411893;-494491675.80411893;-494491675.80411893;-494491675.80411893;-494491675.80411893;-494491675.80411893;-494491675.80411893;-494491675.80411893;-494491675.80411893;-494491675.80411893;-494491675.80411893;-494491675.80411893;-494491675.80411893;-494491675.80411893;-494491675.80411893;-494491675.80411893;-494491675.80411893;-494491675.80411893;-494491675.80411893;-494491675.80411893;-494491675.80411893;-494491675.80411893;-494491675.80411893;-494491675.80411893
0;-408311742.21164441;0;-408311742.21164441;0;0;0;0;0;0;0;0;0;0;-408311742.21164441;-408311742.21164441;0;0;0;-408311742.21164441;0;-408311742.21164441;0;0;0;-408311742.21164441;-408311742.21164441;0;0;0;0;0;-408311742.21164441;0;-408311742.21164441;-408311742.21164441;0;0;0;0;0;0;0;0;0;0;0;-408311742.21164441;0;-408311742.21164441;0;0;0;0;0;0;0;0;0;0;0;0;0;0;-408311742.21164441;0;-408311742.21164441;-408311742.21164441;0;-408311742.21164441;0;0;0;0;0;-408311742.21164441;-408311742.21164441;0;0;0;0;-408311742.21164441;0;-408311742.21164441;0;-408311742.21164441;0;-408311742.21164441;0;0;-408311742.21164441;0;0;0;-408311742.21164441;-408311742.21164441;0;-408311742.21164441;0;0;0;0;0;0;0;0;-408311742.21164441;-408311742.21164441
0;0;-3183681203.5673232;-3183681203.5673232;0;0;-3183681203.5673232;0;-3183681203.5673232;0;-3183681203.5673232;0;-3183681203.5673232;0;-3183681203.5673232;0;0;-3183681203.5673232;-3183681203.5673232;0;0;0;0;0;0;-3183681203.5673232;0;0;0;-3183681203.5673232;0;-3183681203.5673232;0;-3183681203.5673232;-3183681203.5673232;0;-3183681203.5673232;-3183681203.5673232;0;-3183681203.5673232;-3183681203.5673232;0;0;-3183681203.5673232;-3183681203.5673232;0;0;0;0;0;0;-3183681203.5673232;0;-3183681203.5673232;0;-3183681203.5673232;-3183681203.5673232;0;-3183681203.5673232;0;-3183681203.5673232;-3183681203.5673232;-3183681203.5673232;-3183681203.5673232;0;-3183681203.5673232;0;0;-3183681203.5673232;0;-3183681203.5673232;0;0;0;0;0;0;-3183681203.5673232;-3183681203.5673232;0;0;-3183681203.5673232;0;0;-3183681203.5673232;-3183681203.5673232;0;-3183681203.5673232;-3183681203.5673232;-3183681203.5673232;0;0;0;-3183681203.5673232;-3183681203.5673232;0;0;0;0;0;-3183681203.5673232;-3183681203.5673232;-3183681203.5673232;0;-3183681203.5673232;0;-3183681203.5673232;0
0;0;0;0;0;0;0;0;0;0;0;0;0;0;0;0;0;3248679405.3352165;0;0;0;0;0;0;0;0;0;0;0;0;0;0;0;0;0;0;0;0;0;3248679405.3352165;0;0;0;0;0;0;0;0;0;0;0;0;0;0;3248679405.3352165;0;0;0;3248679405.3352165;0;0;3248679405.3352165;3248679405.3352165;0;0;0;0;0;0;0;0;3248679405.3352165;0;0;0;0;0;0;0;0;0;0;0;0;0;0;0;0;0;0;0;0;0;0;0;0;0;0;0;0;0;0;0;0;0;0;0;0
399625886.73716283;0;399625886.73716283;0;0;399625886.73716283;399625886.73716283;399625886.73716283;399625886.73716283;399625886.73716283;399625886.73716283;399625886.73716283;0;399625886.73716283;399625886.73716283;399625886.73716283;399625886.73716283;399625886.73716283;399625886.73716283;399625886.73716283;399625886.73716283;399625886.73716283;399625886.73716283;399625886.73716283;399625886.73716283;399625886.73716283;399625886.73716283;399625886.73716283;399625886.73716283;399625886.73716283;399625886.73716283;399625886.73716283;399625886.73716283;399625886.73716283;399625886.73716283;0;0;399625886.73716283;0;0;399625886.73716283;399625886.73716283;399625886.73716283;399625886.73716283;0;399625886.73716283;0;0;0;399625886.73716283;399625886.73716283;0;0;0;399625886.73716283;399625886.73716283;399625886.73716283;0;399625886.73716283;0;399625886.73716283;399625886.73716283;399625886.73716283;399625886.73716283;399625886.73716283;0;399625886.73716283;399625886.73716283;399625886.73716283;399625886.73716283;399625886.73716283;399625886.73716283;399625886.73716283;399625886.73716283;399625886.73716283;399625886.73716283;0;399625886.73716283;0;0;399625886.73716283;399625886.73716283;399625886.73716283;399625886.73716283;399625886.73716283;399625886.73716283;399625886.73716283;399625886.73716283;399625886.73716283;399625886.73716283;399625886.73716283;399625886.73716283;399625886.73716283;399625886.73716283;399625886.73716283;399625886.73716283;399625886.73716283;399625886.73716283;0;0;0;399625886.73716283;399625886.73716283;399625886.73716283;0;399625886.73716283;399625886.73716283;399625886.73716283
0;0;0;3814855312.2866802;3814855312.2866802;3814855312.2866802;0;3814855312.2866802;3814855312.2866802;3814855312.2866802;0;3814855312.2866802;3814855312.2866802;3814855312.2866802;0;0;3814855312.2866802;0;3814855312.2866802;3814855312.2866802;3814855312.2866802;0;0;3814855312.2866802;3814855312.2866802;0;0;0;3814855312.2866802;0;0;0;0;0;0;3814855312.2866802;3814855312.2866802;0;0;0;0;0;0;0;3814855312.2866802;0;0;0;3814855312.2866802;0;0;0;3814855312.2866802;3814855312.2866802;0;0;0;3814855312.2866802;0;0;3814855312.2866802;0;0;0;0;0;0;3814855312.2866802;0;3814855312.2866802;0;0;0;3814855312.2866802;0;0;3814855312.2866802;0;0;0;0;3814855312.2866802;0;0;0;3814855312.2866802;3814855312.2866802;3814855312.2866802;0;3814855312.2866802;0;3814855312.2866802;0;0;0;0;3814855312.2866802;3814855312.2866802;3814855312.2866802;0;3814855312.2866802;3814855312.2866802;0;3814855312.2866802;0;3814855312.2866802;0;3814855312.2866802
0;0;0;462631619.85188425;0;0;0;0;462631619.85188425;0;0;0;462631619.85188425;462631619.85188425;462631619.85188425;462631619.85188425;0;0;462631619.85188425;462631619.85188425;0;462631619.85188425;0;0;462631619.85188425;0;462631619.85188425;462631619.85188425;462631619.85188425;462631619.85188425;0;462631619.85188425;462631619.85188425;462631619.85188425;0;0;462631619.85188425;462631619.85188425;462631619.85188425;0;462631619.85188425;462631619.85188425;0;462631619.85188425;462631619.85188425;0;462631619.85188425;462631619.85188425;462631619.85188425;462631619.85188425;462631619.85188425;462631619.85188425;462631619.85188425;462631619.85188425;462631619.85188425;0;0;462631619.85188425;0;462631619.85188425;462631619.85188425;462631619.85188425;0;0;462631619.85188425;462631619.85188425;462631619.85188425;462631619.85188425;462631619.85188425;0;0;0;462631619.85188425;462631619.85188425;462631619.85188425;0;462631619.85188425;462631619.85188425;462631619.85188425;462631619.85188425;462631619.85188425;462631619.85188425;0;0;462631619.85188425;462631619.85188425;0;0;462631619.85188425;462631619.85188425;0;0;462631619.85188425;462631619.85188425;462631619.85188425;462631619.85188425;0;462631619.85188425;462631619.85188425;462631619.85188425;462631619.85188425;0;462631619.85188425;0;462631619.85188425;0;0;462631619.85188425
0;0;-391983607.61987358;0;-391983607.61987358;0;0;0;-391983607.61987358;0;0;0;-391983607.61987358;0;-391983607.61987358;-391983607.61987358;0;0;-391983607.61987358;0;0;-391983607.61987358;-391983607.61987358;0;0;-391983607.61987358;0;0;-391983607.61987358;-391983607.61987358;0;-391983607.61987358;0;-391983607.61987358;-391983607.61987358;0;0;0;0;0;0;-391983607.61987358;0;0;0;-391983607.61987358;0;0;0;0;0;-391983607.61987358;-391983607.61987358;0;0;0;0;-391983607.61987358;0;0;0;0;-391983607.61987358;-391983607.61987358;0;0;0;0;0;-391983607.61987358;-391983607.61987358;0;0;0;0;0;0;-391983607.61987358;-391983607.61987358;-391983607.61987358;0;0;0;0;-391983607.61987358;0;0;-391983607.61987358;0;0;0;0;0;0;-391983607.61987358;0;-391983607.61987358;0;0;0;0;-391983607.61987358;-391983607.61987358;-391983607.61987358;0;0;-391983607.61987358;0
0;0;0;0;0;0;0;0;0;0;0;0;0;0;0;0;0;0;0;0;0;0;0;0;0;0;0;0;0;0;0;0;0;0;0;0;0;0;0;0;0;0;0;0;0;0;0;0;0;0;0;0;0;0;0;0;0;0;0;0;0;0;0;0;0;0;0;0;0;0;0;0;0;0;0;0;0;0;0;0;0;0;0;0;0;0;0;0;0;0;0;0;0;0;0;0;0;0;0;0;0;0;0;0;0;0;0;0
-1000261548.2224362;-1000261548.2224362;-1000261548.2224362;-1000261548.2224362;-1000261548.2224362;-1000261548.2224362;-1000261548.2224362;-1000261548.2224362;-1000261548.2224362;-1000261548.2224362;-1000261548.2224362;-1000261548.2224362;-1000261548.2224362;0;-1000261548.2224362;0;0;-1000261548.2224362;-1000261548.2224362;0;0;0;0;0;0;-1000261548.2224362;-1000261548.2224362;0;0;-1000261548.2224362;-1000261548.2224362;-1000261548.2224362;-1000261548.2224362;0;-1000261548.2224362;-1000261548.2224362;-1000261548.2224362;0;0;-1000261548.2224362;-1000261548.2224362;-1000261548.2224362;0;-1000261548.2224362;0;-1000261548.2224362;-1000261548.2224362;-1000261548.2224362;-1000261548.2224362;0;-1000261548.2224362;-1000261548.2224362;-1000261548.2224362;-1000261548.2224362;-1000261548.2224362;-1000261548.2224362;0;-1000261548.2224362;-1000261548.2224362;0;0;0;0;0;0;-1000261548.2224362;0;-1000261548.2224362;-1000261548.2224362;-1000261548.2224362;0;-1000261548.2224362;-1000261548.2224362;0;-1000261548.2224362;-1000261548.2224362;-1000261548.2224362;-1000261548.2224362;0;-1000261548.2224362;0;-1000261548.2224362;0;-1000261548.2224362;0;0;-1000261548.2224362;-1000261548.2224362;0;0;-1000261548.2224362;-1000261548.2224362;0;-1000261548.2224362;-1000261548.2224362;0;-1000261548.2224362;0;-1000261548.2224362;-1000261548.2224362;-1000261548.2224362;-1000261548.2224362;0;-1000261548.2224362;-1000261548.2224362;-1000261548.2224362;-1000261548.2224362;0
0;0;0;0;0;0;0;0;0;0;0;0;-587143573.88775551;0;0;0;0;0;0;0;0;0;0;0;0;0;0;0;0;0;0;0;0;0;0;0;0;0;0;-587143573.88775551;0;0;-587143573.88775551;0;0;0;-587143573.88775551;0;-587143573.88775551;0;0;0;0;-587143573.88775551;-587143573.88775551;0;0;0;0;0;0;0;0;0;0;0;0;0;0;0;-587143573.88775551;0;0;0;0;0;0;0;0;0;0;0;0;0;0;0;0;-587143573.88775551;0;0;0;0;0;0;0;0;0;0;0;0;0;0;0;0;0;0;0;0
0;0;0;0;0;-5318661459.4312868;0;0;0;0;0;0;0;0;0;0;0;0;0;0;0;-5318661459.4312868;0;0;0;0;0;0;0;0;0;0;-5318661459.4312868;0;0;0;0;0;0;0;0;0;0;0;0;0;-5318661459.4312868;0;0;0;0;0;0;0;0;0;0;0;0;0;0;0;0;0;0;0;0;0;0;0;0;0;0;-5318661459.4312868;0;0;0;0;0;0;0;0;0;0;0;0;0;0;0;0;0;0;0;0;0;-5318661459.4312868;0;0;0;0;-5318661459.4312868;0;0;0;0;0;0;0
0;1736065059.7537878;0;0;0;0;0;0;0;0;1736065059.7537878;0;0;1736065059.7537878;0;1736065059.7537878;0;0;0;0;0;0;0;0;1736065059.7537878;0;1736065059.7537878;1736065059.7537878;0;0;0;0;0;0;0;0;1736065059.7537878;1736065059.7537878;0;0;1736065059.7537878;0;1736065059.7537878;0;0;0;0;0;0;0;0;0;1736065059.7537878;0;0;0;0;0;0;0;0;0;0;0;0;1736065059.7537878;1736065059.7537878;0;0;0;0;0;0;0;1736065059.7537878;0;0;1736065059.7537878;0;0;0;1736065059.7537878;0;1736065059.7537878;1736065059.7537878;0;0;0;0;0;0;0;0;0;0;0;0;0;0;0;0;0;0;0;0;0;1736065059.7537878;0
-1377321408.0254123;-1377321408.0254123;-1377321408.0254123;-1377321408.0254123;0;-1377321408.0254123;0;-1377321408.0254123;0;-1377321408.0254123;-1377321408.0254123;0;0;-1377321408.0254123;0;0;0;-1377321408.0254123;-1377321408.0254123;-1377321408.0254123;-1377321408.0254123;-1377321408.0254123;0;0;0;-1377321408.0254123;-1377321408.0254123;-1377321408.0254123;-1377321408.0254123;0;0;-1377321408.0254123;0;0;-1377321408.0254123;-1377321408.0254123;-1377321408.0254123;-1377321408.0254123;0;0;-1377321408.0254123;0;-1377321408.0254123;-1377321408.0254123;-1377321408.0254123;-1377321408.0254123;-1377321408.0254123;0;-1377321408.0254123;-1377321408.0254123;-1377321408.0254123;-1377321408.0254123;0;0;0;-1377321408.0254123;-1377321408.0254123;-1377321408.0254123;-1377321408.0254123;0;-1377321408.0254123;-1377321408.0254123;-1377321408.0254123;-1377321408.0254123;-1377321408.0254123;0;-1377321408.0254123;-1377321408.0254123;-1377321408.0254123;-1377321408.0254123;-1377321408.0254123;-1377321408.0254123;-1377321408.0254123;0;-1377321408.0254123;-1377321408.0254123;0;-1377321408.0254123;-1377321408.0254123;0;-1377321408.0254123;-1377321408.0254123;-1377321408.0254123;-1377321408.0254123;-1377321408.0254123;0;0;-1377321408.0254123;-1377321408.0254123;-1377321408.0254123;0;0;-1377321408.0254123;-1377321408.0254123;-1377321408.0254123;-1377321408.0254123;-1377321408.0254123;0;-1377321408.0254123;-1377321408.0254123;-1377321408.0254123;0;-1377321408.0254123;-1377321408.0254123;-1377321408.0254123;-1377321408.0254123;-1377321408.0254123;-1377321408.0254123
-229218876.47073114;-229218876.47073114;-229218876.47073114;-229218876.47073114;-229218876.47073114;-229218876.47073114;-229218876.47073114;-229218876.47073114;-229218876.47073114;-229218876.47073114;-229218876.47073114;-229218876.47073114;-229218876.47073114;-229218876.47073114;-229218876.47073114;-229218876.47073114;-229218876.47073114;-229218876.47073114;-229218876.47073114;-229218876.47073114;-229218876.47073114;-229218876.47073114;-229218876.47073114;-229218876.47073114;-229218876.47073114;-229218876.47073114;-229218876.47073114;-229218876.47073114;-229218876.47073114;-229218876.47073114;-229218876.47073114;-229218876.47073114;-229218876.47073114;-229218876.47073114;-229218876.47073114;-229218876.47073114;-229218876.47073114;-229218876.47073114;-229218876.47073114;-229218876.47073114;-229218876.47073114;-229218876.47073114;-229218876.47073114;-229218876.47073114;-229218876.47073114;-229218876.47073114;-229218876.47073114;-229218876.47073114;-229218876.47073114;-229218876.47073114;-229218876.47073114;-229218876.47073114;-229218876.47073114;-229218876.47073114;-229218876.47073114;-229218876.47073114;-229218876.47073114;-229218876.47073114;-229218876.47073114;-229218876.47073114;-229218876.47073114;-229218876.47073114;-229218876.47073114;-229218876.47073114;-229218876.47073114;-229218876.47073114;-229218876.47073114;-229218876.47073114;-229218876.47073114;-229218876.47073114;-229218876.47073114;-229218876.47073114;-229218876.47073114;-229218876.47073114;-229218876.47073114;-229218876.47073114;-229218876.47073114;-229218876.47073114;-229218876.47073114;-229218876.47073114;-229218876.47073114;-229218876.47073114;-229218876.47073114;-229218876.47073114;-229218876.47073114;-229218876.47073114;-229218876.47073114;-229218876.47073114;-229218876.47073114;-229218876.47073114;-229218876.47073114;-229218876.47073114;-229218876.47073114;-229218876.47073114;-229218876.47073114;-229218876.47073114;-229218876.47073114;-229218876.47073114;-229218876.47073114;-229218876.47073114;-229218876.47073114;-229218876.47073114;-229218876.47073114;-229218876.47073114;-229218876.47073114;-229218876.47073114;-229218876.47073114;-229218876.47073114
0;0;0;0;0;0;0;0;0;0;0;0;0;0;0;0;0;0;0;0;0;0;0;0;0;0;0;0;0;0;0;0;0;0;0;0;0;0;0;0;0;0;0;0;0;0;0;0;0;0;0;0;0;0;0;0;0;0;0;0;0;0;0;0;0;0;0;0;0;0;0;0;0;0;0;0;0;0;0;0;0;0;0;0;0;0;0;0;0;0;0;0;0;0;0;0;0;0;0;0;0;0;0;0;0;0;0;0
0;0;0;0;0;0;0;0;0;0;0;0;0;0;0;0;0;0;0;0;0;0;0;0;0;0;0;-3482130967.9229078;0;0;0;-3482130967.9229078;0;0;0;0;0;0;0;0;0;0;0;0;0;0;0;0;0;0;0;0;0;0;0;0;0;0;0;0;0;0;0;0;0;0;0;0;0;0;0;0;0;0;0;0;0;0;0;0;0;0;0;0;0;0;0;0;0;0;0;0;0;0;0;0;0;0;0;0;0;0;0;0;0;0;0;0
0;0;0;0;0;0;0;0;0;0;0;0;0;0;0;0;0;0;0;0;0;0;0;0;0;0;0;0;0;0;0;0;0;0;0;0;0;0;0;0;0;0;0;0;0;0;0;0;0;0;0;0;0;0;0;0;0;0;0;0;0;0;0;0;0;0;0;0;0;0;0;0;0;0;0;0;0;0;0;0;0;0;0;0;0;0;0;0;0;0;0;0;0;0;0;0;0;0;0;0;0;0;0;0;0;0;0;0
0;0;0;0;0;0;0;0;0;0;0;0;0;0;0;0;0;0;0;0;0;0;0;0;0;0;0;0;0;0;0;0;0;0;0;0;0;0;0;0;0;0;0;0;0;0;0;0;0;0;0;0;0;0;0;0;0;0;0;0;0;0;0;0;0;0;0;0;0;0;0;0;0;0;0;0;0;0;0;0;0;0;0;0;0;0;0;0;0;0;0;0;0;0;0;0;0;0;0;0;0;0;0;0;0;0;0;0
0;0;3564613971.712728;0;0;3564613971.712728;3564613971.712728;0;0;3564613971.712728;0;3564613971.712728;3564613971.712728;3564613971.712728;0;3564613971.712728;3564613971.712728;0;0;3564613971.712728;0;0;3564613971.712728;3564613971.712728;0;3564613971.712728;3564613971.712728;0;0;0;0;0;0;3564613971.712728;0;0;0;0;0;0;0;3564613971.712728;0;3564613971.712728;3564613971.712728;0;0;3564613971.712728;0;0;3564613971.712728;3564613971.712728;0;0;0;0;0;0;0;3564613971.712728;0;3564613971.712728;0;3564613971.712728;0;0;3564613971.712728;3564613971.712728;0;0;0;3564613971.712728;3564613971.712728;0;0;0;3564613971.712728;3564613971.712728;3564613971.712728;0;3564613971.712728;0;3564613971.712728;0;0;0;3564613971.712728;0;0;0;3564613971.712728;0;0;0;3564613971.712728;3564613971.712728;0;0;3564613971.712728;0;0;0;0;0;3564613971.712728;0;3564613971.712728;0
0;0;0;0;0;0;0;0;0;0;0;-4354196526.6300583;0;-4354196526.6300583;0;0;0;0;0;0;0;0;0;0;0;0;0;0;0;0;0;0;0;0;0;0;0;0;0;0;0;0;0;0;0;0;0;0;0;0;0;0;0;0;0;0;0;0;0;0;0;0;0;0;0;0;0;0;0;0;0;0;0;0;0;0;0;0;0;0;0;0;0;0;0;0;0;0;0;0;0;0;0;0;0;0;0;0;0;0;0;0;0;0;0;0;0;0
0;0;0;0;0;0;0;0;0;0;0;0;0;0;0;0;0;0;0;0;0;0;0;0;0;0;0;0;0;0;0;0;0;0;0;0;0;0;0;0;0;0;0;0;0;0;0;0;0;0;0;0;0;0;0;0;0;0;0;0;0;0;0;0;0;0;0;0;0;0;0;0;0;0;0;0;0;0;0;0;0;0;0;0;0;0;0;0;0;0;0;0;0;0;0;0;0;0;0;0;0;0;1441709604.7785618;0;0;0;0;0
0;0;0;0;0;0;0;0;0;0;0;0;0;0;0;0;0;0;0;0;0;0;0;0;0;0;0;0;0;0;0;0;0;0;0;0;0;0;0;0;0;0;0;0;0;0;0;0;0;0;0;0;0;0;0;0;0;0;0;0;0;0;0;0;0;0;0;0;0;0;0;0;0;0;0;0;0;0;0;0;0;0;0;0;0;0;0;0;0;0;0;0;0;0;0;0;0;0;0;0;0;0;0;0;0;0;0;0
0;0;0;1836110509.8006971;0;1836110509.8006971;0;0;0;0;1836110509.8006971;0;0;0;0;0;0;0;0;1836110509.8006971;1836110509.8006971;0;1836110509.8006971;0;1836110509.8006971;0;1836110509.8006971;0;0;1836110509.8006971;0;0;0;1836110509.8006971;1836110509.8006971;0;0;0;0;0;0;1836110509.8006971;0;0;1836110509.8006971;1836110509.8006971;1836110509.8006971;0;0;0;0;1836110509.8006971;1836110509.8006971;0;1836110509.8006971;0;0;0;0;0;0;0;0;0;0;0;0;0;0;0;0;1836110509.8006971;0;0;0;1836110509.8006971;0;0;0;1836110509.8006971;1836110509.8006971;0;0;0;0;1836110509.8006971;0;1836110509.8006971;0;1836110509.8006971;1836110509.8006971;0;1836110509.8006971;0;0;0;0;0;0;1836110509.8006971;0;0;1836110509.8006971;0;0;0;0;0
867718530.59414828;867718530.59414828;867718530.59414828;867718530.59414828;867718530.59414828;867718530.59414828;867718530.59414828;867718530.59414828;867718530.59414828;867718530.59414828;0;867718530.59414828;867718530.59414828;867718530.59414828;867718530.59414828;0;867718530.59414828;867718530.59414828;0;867718530.59414828;867718530.59414828;0;867718530.59414828;867718530.59414828;867718530.59414828;867718530.59414828;867718530.59414828;867718530.59414828;867718530.59414828;867718530.59414828;867718530.59414828;867718530.59414828;867718530.59414828;867718530.59414828;867718530.59414828;867718530.59414828;867718530.59414828;867718530.59414828;867718530.59414828;867718530.59414828;0;0;867718530.59414828;867718530.59414828;867718530.59414828;867718530.59414828;867718530.59414828;867718530.59414828;867718530.59414828;0;867718530.59414828;867718530.59414828;0;867718530.59414828;867718530.59414828;867718530.59414828;867718530.59414828;867718530.59414828;867718530.59414828;867718530.59414828;0;867718530.59414828;867718530.59414828;867718530.59414828;867718530.59414828;867718530.59414828;867718530.59414828;867718530.59414828;867718530.59414828;867718530.59414828;867718530.59414828;867718530.59414828;867718530.59414828;867718530.59414828;867718530.59414828;867718530.59414828;867718530.59414828;867718530.59414828;867718530.59414828;867718530.59414828;867718530.59414828;0;867718530.59414828;867718530.59414828;867718530.59414828;867718530.59414828;867718530.59414828;867718530.59414828;867718530.59414828;867718530.59414828;867718530.59414828;867718530.59414828;867718530.59414828;867718530.59414828;867718530.59414828;867718530.59414828;0;867718530.59414828;867718530.59414828;867718530.59414828;867718530.59414828;867718530.59414828;0;867718530.59414828;867718530.59414828;867718530.59414828;867718530.59414828;867718530.59414828
527699509.37550008;527699509.37550008;527699509.37550008;527699509.37550008;0;0;527699509.37550008;527699509.37550008;527699509.37550008;527699509.37550008;527699509.37550008;0;527699509.37550008;527699509.37550008;527699509.37550008;527699509.37550008;527699509.37550008;527699509.37550008;527699509.37550008;527699509.37550008;527699509.37550008;527699509.37550008;527699509.37550008;527699509.37550008;527699509.37550008;0;527699509.37550008;527699509.37550008;527699509.37550008;527699509.37550008;527699509.37550008;0;527699509.37550008;527699509.37550008;0;527699509.37550008;527699509.37550008;527699509.37550008;527699509.37550008;0;0;527699509.37550008;527699509.37550008;0;527699509.37550008;527699509.37550008;527699509.37550008;0;0;527699509.37550008;527699509.37550008;527699509.37550008;527699509.37550008;527699509.37550008;527699509.37550008;527699509.37550008;527699509.37550008;527699509.37550008;527699509.37550008;527699509.37550008;527699509.37550008;527699509.37550008;527699509.37550008;527699509.37550008;527699509.37550008;527699509.37550008;527699509.37550008;527699509.37550008;0;527699509.37550008;527699509.37550008;527699509.37550008;527699509.37550008;527699509.37550008;527699509.37550008;0;0;527699509.37550008;527699509.37550008;527699509.37550008;527699509.37550008;527699509.37550008;527699509.37550008;527699509.37550008;527699509.37550008;527699509.37550008;527699509.37550008;527699509.37550008;527699509.37550008;527699509.37550008;527699509.37550008;527699509.37550008;527699509.37550008;0;527699509.37550008;527699509.37550008;527699509.37550008;527699509.37550008;527699509.37550008;527699509.37550008;0;0;527699509.37550008;527699509.37550008;527699509.37550008;527699509.37550008;527699509.37550008;527699509.37550008
0;0;0;0;0;0;0;0;0;0;0;0;0;0;0;0;0;0;0;0;0;0;0;0;0;0;0;0;0;0;0;0;0;0;0;0;0;0;0;0;0;0;0;0;0;0;0;0;0;0;0;0;0;0;0;0;0;0;0;0;0;0;0;0;0;0;0;0;0;0;0;0;0;0;0;0;0;0;0;0;0;0;0;0;0;0;0;0;0;0;0;0;0;0;0;0;0;0;0;0;0;0;0;0;0;0;0;0
0;0;0;0;0;0;0;0;-984833948.14307749;0;-984833948.14307749;0;0;0;0;0;0;0;0;0;0;0;0;-984833948.14307749;0;0;0;0;-984833948.14307749;-984833948.14307749;0;0;0;-984833948.14307749;0;-984833948.14307749;0;0;0;0;0;0;0;0;-984833948.14307749;0;0;-984833948.14307749;0;-984833948.14307749;-984833948.14307749;0;-984833948.14307749;-984833948.14307749;0;0;0;0;0;0;0;0;0;0;-984833948.14307749;0;0;0;0;0;0;0;-984833948.14307749;0;-984833948.14307749;0;0;0;0;0;0;0;0;0;0;-984833948.14307749;0;0;0;0;0;0;0;-984833948.14307749;0;0;0;-984833948.14307749;0;0;-984833948.14307749;-984833948.14307749;0;0;0;-984833948.14307749;0;0
-1348131575.9466403;0;0;0;-1348131575.9466403;-1348131575.9466403;-1348131575.9466403;-1348131575.9466403;0;-1348131575.9466403;0;-1348131575.9466403;0;-1348131575.9466403;-1348131575.9466403;-1348131575.9466403;0;0;-1348131575.9466403;-1348131575.9466403;0;0;-1348131575.9466403;-1348131575.9466403;0;-1348131575.9466403;0;-1348131575.9466403;-1348131575.9466403;0;0;0;0;0;-1348131575.9466403;-1348131575.9466403;-1348131575.9466403;-1348131575.9466403;-1348131575.9466403;-1348131575.9466403;-1348131575.9466403;-1348131575.9466403;-1348131575.9466403;-1348131575.9466403;-1348131575.9466403;0;-1348131575.9466403;-1348131575.9466403;0;-1348131575.9466403;-1348131575.9466403;-1348131575.9466403;-1348131575.9466403;-1348131575.9466403;0;-1348131575.9466403;-1348131575.9466403;-1348131575.9466403;0;-1348131575.9466403;-1348131575.9466403;-1348131575.9466403;-1348131575.9466403;-1348131575.9466403;-1348131575.9466403;-1348131575.9466403;-1348131575.9466403;0;-1348131575.9466403;-1348131575.9466403;0;0;-1348131575.9466403;0;0;0;0;-1348131575.9466403;-1348131575.9466403;-1348131575.9466403;0;-1348131575.9466403;0;-1348131575.9466403;0;-1348131575.9466403;0;0;-1348131575.9466403;0;0;-1348131575.9466403;-1348131575.9466403;0;0;0;-1348131575.9466403;0;-1348131575.9466403;0;0;-1348131575.9466403;0;0;-1348131575.9466403;-1348131575.9466403;-1348131575.9466403;-1348131575.9466403
0;0;0;-1001291520.5837309;0;0;0;0;0;0;0;0;-1001291520.5837309;0;0;0;0;0;-1001291520.5837309;0;0;0;-1001291520.5837309;0;0;0;0;0;-1001291520.5837309;0;0;0;-1001291520.5837309;0;0;0;0;0;0;0;0;0;-1001291520.5837309;0;0;0;0;0;0;-1001291520.5837309;0;-1001291520.5837309;0;0;0;0;0;0;0;0;-1001291520.5837309;0;0;0;0;0;0;0;0;0;0;0;0;-1001291520.5837309;0;0;0;0;-1001291520.5837309;-1001291520.5837309;0;0;0;0;0;0;0;0;0;0;0;0;0;0;0;0;0;0;0;0;0;0;0;-1001291520.5837309;0;0;0;0
1154584449.6132441;1154584449.6132441;1154584449.6132441;0;1154584449.6132441;0;0;1154584449.6132441;0;1154584449.6132441;1154584449.6132441;1154584449.6132441;0;1154584449.6132441;1154584449.6132441;1154584449.6132441;1154584449.6132441;0;0;0;1154584449.6132441;1154584449.6132441;1154584449.6132441;1154584449.6132441;0;1154584449.6132441;0;1154584449.6132441;0;0;1154584449.6132441;1154584449.6132441;0;1154584449.6132441;1154584449.6132441;1154584449.6132441;1154584449.6132441;0;0;1154584449.6132441;1154584449.6132441;1154584449.6132441;1154584449.6132441;0;1154584449.6132441;1154584449.6132441;1154584449.6132441;1154584449.6132441;1154584449.6132441;1154584449.6132441;0;1154584449.6132441;1154584449.6132441;0;0;1154584449.6132441;0;1154584449.6132441;0;1154584449.6132441;1154584449.6132441;0;0;1154584449.6132441;0;1154584449.6132441;1154584449.6132441;0;1154584449.6132441;1154584449.6132441;0;0;0;0;0;1154584449.6132441;1154584449.6132441;1154584449.6132441;1154584449.6132441;0;1154584449.6132441;1154584449.6132441;0;1154584449.6132441;0;1154584449.6132441;1154584449.6132441;0;0;0;1154584449.6132441;1154584449.6132441;0;0;0;0;0;1154584449.6132441;0;1154584449.6132441;1154584449.6132441;0;1154584449.6132441;0;1154584449.6132441;1154584449.6132441;0;1154584449.6132441
-86448650.367293194;-86448650.367293194;-86448650.367293194;-86448650.367293194;-86448650.367293194;-86448650.367293194;-86448650.367293194;-86448650.367293194;-86448650.367293194;-86448650.367293194;-86448650.367293194;-86448650.367293194;-86448650.367293194;-86448650.367293194;-86448650.367293194;-86448650.367293194;-86448650.367293194;-86448650.367293194;-86448650.367293194;-86448650.367293194;-86448650.367293194;-86448650.367293194;-86448650.367293194;-86448650.367293194;-86448650.367293194;-86448650.367293194;-86448650.367293194;-86448650.367293194;-86448650.367293194;-86448650.367293194;0;-86448650.367293194;-86448650.367293194;-86448650.367293194;-86448650.367293194;-86448650.367293194;-86448650.367293194;-86448650.367293194;-86448650.367293194;-86448650.367293194;-86448650.367293194;-86448650.367293194;-86448650.367293194;-86448650.367293194;-86448650.367293194;-86448650.367293194;-86448650.367293194;-86448650.367293194;-86448650.367293194;-86448650.367293194;-86448650.367293194;-86448650.367293194;-86448650.367293194;-86448650.367293194;-86448650.367293194;-86448650.367293194;-86448650.367293194;-86448650.367293194;-86448650.367293194;-86448650.367293194;-86448650.367293194;-86448650.367293194;-86448650.367293194;-86448650.367293194;-86448650.367293194;-86448650.367293194;-86448650.367293194;-86448650.367293194;-86448650.367293194;-86448650.367293194;-86448650.367293194;-86448650.367293194;-86448650.367293194;-86448650.367293194;-86448650.367293194;-86448650.367293194;-86448650.367293194;-86448650.367293194;-86448650.367293194;-86448650.367293194;-86448650.367293194;-86448650.367293194;-86448650.367293194;-86448650.367293194;-86448650.367293194;-86448650.367293194;-86448650.367293194;-86448650.367293194;-86448650.367293194;-86448650.367293194;-86448650.367293194;-86448650.367293194;-86448650.367293194;-86448650.367293194;-86448650.367293194;-86448650.367293194;-86448650.367293194;-86448650.367293194;-86448650.367293194;-86448650.367293194;-86448650.367293194;-86448650.367293194;-86448650.367293194;-86448650.367293194;-86448650.367293194;-86448650.367293194;-86448650.367293194;-86448650.367293194
893612808.55209744;893612808.55209744;893612808.55209744;893612808.55209744;893612808.55209744;893612808.55209744;893612808.55209744;893612808.55209744;893612808.55209744;893612808.55209744;893612808.55209744;893612808.55209744;0;0;0;0;893612808.55209744;893612808.55209744;893612808.55209744;0;0;893612808.55209744;893612808.55209744;0;0;893612808.55209744;893612808.55209744;893612808.55209744;893612808.55209744;0;893612808.55209744;893612808.55209744;0;893612808.55209744;0;893612808.55209744;0;893612808.55209744;0;0;893612808.55209744;0;893612808.55209744;0;0;0;893612808.55209744;0;893612808.55209744;893612808.55209744;0;893612808.55209744;893612808.55209744;893612808.55209744;893612808.55209744;893612808.55209744;893612808.55209744;893612808.55209744;893612808.55209744;893612808.55209744;893612808.55209744;893612808.55209744;0;893612808.55209744;893612808.55209744;893612808.55209744;0;893612808.55209744;0;893612808.55209744;893612808.55209744;0;0;0;0;893612808.55209744;0;893612808.55209744;0;0;893612808.55209744;0;893612808.55209744;893612808.55209744;893612808.55209744;0;893612808.55209744;893612808.55209744;893612808.55209744;0;0;893612808.55209744;893612808.55209744;893612808.55209744;0;893612808.55209744;0;893612808.55209744;0;0;0;893612808.55209744;893612808.55209744;893612808.55209744;0;0;893612808.55209744;893612808.55209744
0;-1916393199.4932604;0;0;0;0;-1916393199.4932604;0;0;-1916393199.4932604;0;0;0;0;-1916393199.4932604;0;-1916393199.4932604;0;0;0;0;0;0;-1916393199.4932604;-1916393199.4932604;0;0;-1916393199.4932604;0;0;-1916393199.4932604;0;0;0;-1916393199.4932604;0;0;0;-1916393199.4932604;0;-1916393199.4932604;0;0;-1916393199.4932604;0;0;0;-1916393199.4932604;0;0;0;0;0;-1916393199.4932604;0;0;0;0;0;0;0;0;0;0;0;0;-1916393199.4932604;0;0;0;0;0;0;0;0;0;-1916393199.4932604;0;0;0;0;-1916393199.4932604;-1916393199.4932604;0;0;-1916393199.4932604;0;0;0;0;0;-1916393199.4932604;-1916393199.4932604;0;0;0;0;0;-1916393199.4932604;0;0;-1916393199.4932604;0;0;0;-1916393199.4932604;0;0
1298680188.6488707;0;0;1298680188.6488707;1298680188.6488707;0;0;0;0;0;1298680188.6488707;0;1298680188.6488707;1298680188.6488707;0;1298680188.6488707;0;1298680188.6488707;0;0;1298680188.6488707;0;1298680188.6488707;0;1298680188.6488707;1298680188.6488707;0;1298680188.6488707;1298680188.6488707;1298680188.6488707;1298680188.6488707;0;1298680188.6488707;0;0;0;1298680188.6488707;1298680188.6488707;1298680188.6488707;1298680188.6488707;1298680188.6488707;0;0;1298680188.6488707;0;1298680188.6488707;0;1298680188.6488707;1298680188.6488707;0;0;1298680188.6488707;0;0;1298680188.6488707;0;0;0;0;0;1298680188.6488707;1298680188.6488707;0;0;1298680188.6488707;0;0;1298680188.6488707;1298680188.6488707;0;0;1298680188.6488707;1298680188.6488707;1298680188.6488707;1298680188.6488707;1298680188.6488707;0;0;0;1298680188.6488707;0;1298680188.6488707;0;0;0;0;1298680188.6488707;1298680188.6488707;0;0;1298680188.6488707;0;0;0;1298680188.6488707;1298680188.6488707;0;1298680188.6488707;0;1298680188.6488707;1298680188.6488707;0;0;0;1298680188.6488707;0;0;1298680188.6488707
0;0;0;0;0;0;0;0;0;0;0;0;0;0;0;0;0;0;0;0;0;0;0;0;0;0;0;0;0;0;0;0;0;0;0;0;0;0;0;0;0;0;0;0;0;0;0;0;0;0;0;0;0;0;0;0;0;0;0;0;0;0;0;0;0;0;0;0;0;0;0;0;0;0;0;0;0;0;0;0;0;0;0;0;0;0;0;0;0;0;0;0;0;0;0;0;0;0;0;0;0;0;0;0;0;0;0;0
0;0;0;0;0;0;0;0;0;0;0;0;0;0;0;0;0;0;0;0;0;0;0;0;0;0;0;0;0;0;0;0;0;0;0;0;0;0;0;0;0;0;0;0;0;0;0;0;0;0;0;0;0;0;0;0;0;0;0;0;0;0;0;0;0;0;0;0;0;0;0;0;0;0;0;0;0;0;0;0;0;0;0;0;0;0;0;0;0;0;0;0;0;0;0;0;0;0;0;0;0;0;0;0;0;0;0;0
0;0;0;0;0;0;0;0;0;0;0;0;0;0;0;0;0;0;0;0;0;0;0;0;0;0;0;0;0;0;0;0;0;0;0;0;0;0;0;0;0;0;0;0;0;0;0;0;0;0;0;0;0;0;0;0;0;0;0;0;0;0;0;0;0;0;0;0;0;0;0;0;0;0;0;0;0;0;0;0;0;0;0;0;0;0;0;0;0;0;0;0;0;0;0;0;0;0;0;0;0;0;0;0;0;0;0;0
0;0;0;0;0;0;-3170456866.0606623;0;0;0;0;0;0;0;0;0;0;0;0;0;0;0;0;0;0;0;0;0;0;0;0;0;0;0;0;0;0;0;0;0;0;0;0;0;0;0;-3170456866.0606623;0;0;0;0;0;0;0;0;0;0;0;0;0;0;0;0;-3170456866.0606623;0;0;0;0;0;0;0;0;0;0;0;0;0;0;-3170456866.0606623;0;0;0;0;0;0;0;0;0;-3170456866.0606623;0;0;0;0;-3170456866.0606623;0;0;0;0;0;0;0;0;0;-3170456866.0606623;0;0;0;0
0;0;-4293735839.5589094;-4293735839.5589094;-4293735839.5589094;-4293735839.5589094;-4293735839.5589094;-4293735839.5589094;-4293735839.5589094;-4293735839.5589094;0;-4293735839.5589094;0;0;-4293735839.5589094;-4293735839.5589094;0;-4293735839.5589094;-4293735839.5589094;-4293735839.5589094;-4293735839.5589094;-4293735839.5589094;0;-4293735839.5589094;-4293735839.5589094;0;-4293735839.5589094;0;-4293735839.5589094;-4293735839.5589094;-4293735839.5589094;0;0;0;-4293735839.5589094;-4293735839.5589094;-4293735839.5589094;0;-4293735839.5589094;0;-4293735839.5589094;-4293735839.5589094;0;-4293735839.5589094;-4293735839.5589094;-4293735839.5589094;0;-4293735839.5589094;-4293735839.5589094;-4293735839.5589094;-4293735839.5589094;-4293735839.5589094;-4293735839.5589094;-4293735839.5589094;-4293735839.5589094;-4293735839.5589094;0;-4293735839.5589094;-4293735839.5589094;-4293735839.5589094;-4293735839.5589094;-4293735839.5589094;-4293735839.5589094;-4293735839.5589094;-4293735839.5589094;-4293735839.5589094;-4293735839.5589094;0;-4293735839.5589094;-4293735839.5589094;-4293735839.5589094;0;0;-4293735839.5589094;-4293735839.5589094;0;-4293735839.5589094;-4293735839.5589094;-4293735839.5589094;-4293735839.5589094;-4293735839.5589094;-4293735839.5589094;0;-4293735839.5589094;-4293735839.5589094;0;0;0;-4293735839.5589094;-4293735839.5589094;0;-4293735839.5589094;0;-4293735839.5589094;0;0;-4293735839.5589094;0;0;-4293735839.5589094;-4293735839.5589094;-4293735839.5589094;0;-4293735839.5589094;-4293735839.5589094;-4293735839.5589094;0;0
0;0;0;0;0;0;0;0;0;0;0;0;0;0;0;0;0;0;0;0;0;0;0;0;0;0;0;0;0;0;0;0;0;0;0;0;0;0;0;0;0;0;0;0;0;0;0;0;0;0;0;0;0;0;0;0;0;0;0;0;0;0;0;0;0;0;0;0;0;0;0;0;0;0;0;0;0;0;0;0;0;0;0;0;0;0;0;0;0;0;0;0;0;0;0;0;0;0;0;0;0;0;0;0;0;0;0;0
0;-620030976.26560962;0;0;0;0;0;-620030976.26560962;0;0;0;0;0;0;0;0;0;0;0;0;0;0;0;0;0;0;0;0;0;0;0;-620030976.26560962;0;0;0;0;0;0;0;0;0;0;0;0;0;0;0;0;0;0;0;0;0;0;0;0;0;0;-620030976.26560962;0;0;0;0;0;0;0;0;0;0;0;0;0;0;0;0;0;0;0;0;0;0;0;0;0;0;0;0;0;0;0;0;-620030976.26560962;0;0;0;0;-620030976.26560962;0;0;0;-620030976.26560962;0;0;0;0;0;0;0
-16086285.275918355;-16086285.275918355;-16086285.275918355;-16086285.275918355;-16086285.275918355;-16086285.275918355;-16086285.275918355;-16086285.275918355;-16086285.275918355;-16086285.275918355;-16086285.275918355;-16086285.275918355;-16086285.275918355;-16086285.275918355;-16086285.275918355;-16086285.275918355;-16086285.275918355;-16086285.275918355;-16086285.275918355;-16086285.275918355;-16086285.275918355;-16086285.275918355;-16086285.275918355;-16086285.275918355;-16086285.275918355;-16086285.275918355;-16086285.275918355;-16086285.275918355;-16086285.275918355;-16086285.275918355;-16086285.275918355;-16086285.275918355;-16086285.275918355;-16086285.275918355;-16086285.275918355;-16086285.275918355;-16086285.275918355;-16086285.275918355;-16086285.275918355;-16086285.275918355;-16086285.275918355;-16086285.275918355;-16086285.275918355;-16086285.275918355;-16086285.275918355;-16086285.275918355;-16086285.275918355;-16086285.275918355;-16086285.275918355;-16086285.275918355;-16086285.275918355;-16086285.275918355;-16086285.275918355;-16086285.275918355;-16086285.275918355;-16086285.275918355;-16086285.275918355;-16086285.275918355;-16086285.275918355;-16086285.275918355;-16086285.275918355;-16086285.275918355;-16086285.275918355;-16086285.275918355;-16086285.275918355;-16086285.275918355;-16086285.275918355;-16086285.275918355;-16086285.275918355;-16086285.275918355;-16086285.275918355;-16086285.275918355;-16086285.275918355;-16086285.275918355;-16086285.275918355;-16086285.275918355;-16086285.275918355;-16086285.275918355;-16086285.275918355;-16086285.275918355;-16086285.275918355;-16086285.275918355;-16086285.275918355;-16086285.275918355;-16086285.275918355;-16086285.275918355;-16086285.275918355;-16086285.275918355;-16086285.275918355;-16086285.275918355;-16086285.275918355;-16086285.275918355;-16086285.275918355;-16086285.275918355;-16086285.275918355;-16086285.275918355;-16086285.275918355;-16086285.275918355;-16086285.275918355;-16086285.275918355;-16086285.275918355;-16086285.275918355;-16086285.275918355;-16086285.275918355;-16086285.275918355;-16086285.275918355;-16086285.275918355;-16086285.275918355
382375587.82347447;382375587.82347447;382375587.82347447;382375587.82347447;0;382375587.82347447;382375587.82347447;382375587.82347447;0;382375587.82347447;382375587.82347447;0;382375587.82347447;382375587.82347447;382375587.82347447;0;382375587.82347447;382375587.82347447;0;382375587.82347447;382375587.82347447;382375587.82347447;382375587.82347447;382375587.82347447;382375587.82347447;382375587.82347447;382375587.82347447;382375587.82347447;382375587.82347447;0;382375587.82347447;382375587.82347447;382375587.82347447;382375587.82347447;382375587.82347447;382375587.82347447;382375587.82347447;382375587.82347447;382375587.82347447;382375587.82347447;382375587.82347447;382375587.82347447;0;382375587.82347447;382375587.82347447;0;382375587.82347447;0;382375587.82347447;0;382375587.82347447;382375587.82347447;382375587.82347447;382375587.82347447;382375587.82347447;0;382375587.82347447;0;382375587.82347447;382375587.82347447;382375587.82347447;0;382375587.82347447;0;382375587.82347447;0;382375587.82347447;382375587.82347447;382375587.82347447;382375587.82347447;382375587.82347447;382375587.82347447;382375587.82347447;0;0;382375587.82347447;382375587.82347447;0;382375587.82347447;0;382375587.82347447;0;382375587.82347447;382375587.82347447;382375587.82347447;382375587.82347447;382375587.82347447;382375587.82347447;382375587.82347447;0;382375587.82347447;382375587.82347447;382375587.82347447;382375587.82347447;382375587.82347447;382375587.82347447;382375587.82347447;382375587.82347447;0;382375587.82347447;382375587.82347447;382375587.82347447;382375587.82347447;382375587.82347447;382375587.82347447;382375587.82347447;382375587.82347447;382375587.82347447
0;0;0;0;0;0;0;0;0;0;0;0;0;0;0;0;0;0;0;0;0;0;0;0;0;0;0;0;0;0;0;0;0;0;0;0;0;0;0;0;0;0;0;0;0;0;0;0;0;0;0;0;0;0;0;0;0;0;0;0;0;0;0;0;0;0;0;0;0;0;0;0;0;0;0;0;0;0;0;0;0;0;0;0;0;0;0;0;0;0;0;0;0;0;0;0;0;0;0;0;0;0;0;0;0;0;0;0
0;0;0;0;0;479730045.5919838;0;479730045.5919838;0;0;0;0;0;0;0;0;0;0;0;0;0;0;0;0;0;0;0;0;0;0;0;0;0;0;0;0;0;0;0;0;0;0;0;0;0;0;0;0;0;0;0;0;0;0;0;0;0;0;0;0;0;0;0;0;0;0;0;0;0;0;0;0;0;0;0;0;0;0;0;0;0;0;0;0;0;0;0;0;0;0;0;0;0;0;0;0;0;0;0;0;0;0;0;0;0;0;0;0
0;-215725262.52090415;-215725262.52090415;-215725262.52090415;-215725262.52090415;0;-215725262.52090415;-215725262.52090415;-215725262.52090415;0;-215725262.52090415;-215725262.52090415;-215725262.52090415;0;0;-215725262.52090415;-215725262.52090415;-215725262.52090415;-215725262.52090415;-215725262.52090415;0;-215725262.52090415;-215725262.52090415;-215725262.52090415;-215725262.52090415;-215725262.52090415;-215725262.52090415;-215725262.52090415;-215725262.52090415;-215725262.52090415;-215725262.52090415;-215725262.52090415;-215725262.52090415;-215725262.52090415;0;-215725262.52090415;-215725262.52090415;0;-215725262.52090415;0;0;-215725262.52090415;-215725262.52090415;-215725262.52090415;-215725262.52090415;-215725262.52090415;-215725262.52090415;-215725262.52090415;-215725262.52090415;-215725262.52090415;0;0;-215725262.52090415;-215725262.52090415;-215725262.52090415;-215725262.52090415;-215725262.52090415;-215725262.52090415;-215725262.52090415;-215725262.52090415;-215725262.52090415;-215725262.52090415;0;-215725262.52090415;-215725262.52090415;-215725262.52090415;-215725262.52090415;0;-215725262.52090415;0;0;-215725262.52090415;-215725262.52090415;-215725262.52090415;-215725262.52090415;-215725262.52090415;-215725262.52090415;-215725262.52090415;-215725262.52090415;-215725262.52090415;-215725262.52090415;-215725262.52090415;-215725262.52090415;0;-215725262.52090415;0;-215725262.52090415;-215725262.52090415;-215725262.52090415;-215725262.52090415;-215725262.52090415;0;-215725262.52090415;-215725262.52090415;-215725262.52090415;-215725262.52090415;-215725262.52090415;0;-215725262.52090415;-215725262.52090415;-215725262.52090415;-215725262.52090415;0;-215725262.52090415;-215725262.52090415;0;-215725262.52090415;-215725262.52090415
-1295373772.8850453;-1295373772.8850453;0;0;-1295373772.8850453;0;0;0;0;0;0;0;0;0;-1295373772.8850453;0;-1295373772.8850453;-1295373772.8850453;0;-1295373772.8850453;-1295373772.8850453;-1295373772.8850453;0;-1295373772.8850453;0;0;-1295373772.8850453;0;0;0;-1295373772.8850453;-1295373772.8850453;-1295373772.8850453;0;-1295373772.8850453;0;-1295373772.8850453;0;-1295373772.8850453;-1295373772.8850453;0;0;0;0;-1295373772.8850453;0;0;0;0;0;0;0;0;0;0;0;-1295373772.8850453;-1295373772.8850453;0;-1295373772.8850453;-1295373772.8850453;0;0;-1295373772.8850453;0;0;0;0;-1295373772.8850453;0;0;-1295373772.8850453;-1295373772.8850453;-1295373772.8850453;0;0;-1295373772.8850453;0;0;-1295373772.8850453;0;0;-1295373772.8850453;0;0;-1295373772.8850453;0;0;0;0;-1295373772.8850453;0;0;0;0;-1295373772.8850453;0;0;-1295373772.8850453;0;0;0;0;0;0;-1295373772.8850453;0;0
1178394093.3147933;0;0;0;0;0;0;1178394093.3147933;0;1178394093.3147933;0;0;1178394093.3147933;0;0;0;1178394093.3147933;0;1178394093.3147933;1178394093.3147933;1178394093.3147933;1178394093.3147933;1178394093.3147933;0;0;0;0;0;0;0;1178394093.3147933;0;0;1178394093.3147933;0;0;1178394093.3147933;1178394093.3147933;1178394093.3147933;1178394093.3147933;0;0;0;0;1178394093.3147933;0;0;0;0;0;0;0;0;0;1178394093.3147933;0;1178394093.3147933;0;0;1178394093.3147933;1178394093.3147933;1178394093.3147933;0;1178394093.3147933;1178394093.3147933;0;0;1178394093.3147933;0;0;1178394093.3147933;0;0;0;1178394093.3147933;0;1178394093.3147933;0;0;1178394093.3147933;0;0;0;1178394093.3147933;1178394093.3147933;0;0;0;1178394093.3147933;1178394093.3147933;0;0;0;0;0;0;0;1178394093.3147933;0;0;0;0;1178394093.3147933;0;1178394093.3147933;0;1178394093.3147933;0
0;0;0;0;0;0;0;0;0;0;0;0;0;0;0;0;0;0;0;0;0;0;0;0;0;0;0;0;0;0;0;0;0;0;0;0;0;0;0;0;0;0;0;0;0;0;0;0;0;0;0;0;0;0;0;0;0;0;0;0;0;0;0;0;0;0;0;0;0;0;0;0;0;0;0;0;0;0;0;0;0;0;0;0;0;0;0;0;0;0;0;0;0;0;0;0;0;0;0;0;0;0;0;0;0;0;0;0
2791162327.4218116;2791162327.4218116;2791162327.4218116;0;2791162327.4218116;2791162327.4218116;2791162327.4218116;2791162327.4218116;2791162327.4218116;2791162327.4218116;0;2791162327.4218116;0;2791162327.4218116;2791162327.4218116;2791162327.4218116;2791162327.4218116;2791162327.4218116;2791162327.4218116;2791162327.4218116;2791162327.4218116;2791162327.4218116;2791162327.4218116;2791162327.4218116;2791162327.4218116;0;2791162327.4218116;2791162327.4218116;2791162327.4218116;2791162327.4218116;0;2791162327.4218116;2791162327.4218116;2791162327.4218116;2791162327.4218116;0;0;2791162327.4218116;2791162327.4218116;2791162327.4218116;0;2791162327.4218116;0;2791162327.4218116;2791162327.4218116;2791162327.4218116;2791162327.4218116;2791162327.4218116;2791162327.4218116;2791162327.4218116;2791162327.4218116;0;0;2791162327.4218116;2791162327.4218116;2791162327.4218116;2791162327.4218116;0;2791162327.4218116;0;2791162327.4218116;2791162327.4218116;2791162327.4218116;2791162327.4218116;0;0;0;2791162327.4218116;2791162327.4218116;2791162327.4218116;2791162327.4218116;2791162327.4218116;2791162327.4218116;2791162327.4218116;2791162327.4218116;2791162327.4218116;2791162327.4218116;2791162327.4218116;2791162327.4218116;2791162327.4218116;2791162327.4218116;2791162327.4218116;0;2791162327.4218116;2791162327.4218116;2791162327.4218116;2791162327.4218116;2791162327.4218116;2791162327.4218116;2791162327.4218116;2791162327.4218116;2791162327.4218116;2791162327.4218116;2791162327.4218116;2791162327.4218116;2791162327.4218116;2791162327.4218116;2791162327.4218116;2791162327.4218116;2791162327.4218116;0;2791162327.4218116;2791162327.4218116;2791162327.4218116;2791162327.4218116;2791162327.4218116;2791162327.4218116;2791162327.4218116
0;0;-4442967106.5865622;0;0;0;0;0;0;0;0;0;0;0;0;0;0;0;0;0;0;0;0;0;0;-4442967106.5865622;0;0;0;0;0;0;0;0;0;0;0;0;0;0;0;0;0;0;0;0;0;0;0;0;0;0;0;0;0;0;0;0;0;0;0;0;0;0;0;0;0;0;0;0;0;0;0;0;0;0;0;0;0;0;0;0;0;0;0;0;0;0;0;0;0;0;0;0;0;0;0;0;0;0;0;0;-4442967106.5865622;0;-4442967106.5865622;0;0;0
-1300377907.6903174;-1300377907.6903174;-1300377907.6903174;-1300377907.6903174;-1300377907.6903174;-1300377907.6903174;0;-1300377907.6903174;0;-1300377907.6903174;-1300377907.6903174;0;0;-1300377907.6903174;0;-1300377907.6903174;-1300377907.6903174;-1300377907.6903174;-1300377907.6903174;-1300377907.6903174;-1300377907.6903174;-1300377907.6903174;-1300377907.6903174;0;-1300377907.6903174;-1300377907.6903174;-1300377907.6903174;-1300377907.6903174;0;-1300377907.6903174;-1300377907.6903174;-1300377907.6903174;-1300377907.6903174;-1300377907.6903174;-1300377907.6903174;-1300377907.6903174;0;-1300377907.6903174;-1300377907.6903174;-1300377907.6903174;-1300377907.6903174;-1300377907.6903174;-1300377907.6903174;-1300377907.6903174;-1300377907.6903174;-1300377907.6903174;-1300377907.6903174;-1300377907.6903174;-1300377907.6903174;-1300377907.6903174;-1300377907.6903174;-1300377907.6903174;-1300377907.6903174;-1300377907.6903174;-1300377907.6903174;-1300377907.6903174;-1300377907.6903174;-1300377907.6903174;-1300377907.6903174;-1300377907.6903174;0;-1300377907.6903174;-1300377907.6903174;-1300377907.6903174;-1300377907.6903174;-1300377907.6903174;0;-1300377907.6903174;0;-1300377907.6903174;-1300377907.6903174;-1300377907.6903174;0;-1300377907.6903174;-1300377907.6903174;-1300377907.6903174;-1300377907.6903174;-1300377907.6903174;-1300377907.6903174;-1300377907.6903174;0;0;-1300377907.6903174;-1300377907.6903174;-1300377907.6903174;-1300377907.6903174;-1300377907.6903174;-1300377907.6903174;-1300377907.6903174;-1300377907.6903174;-1300377907.6903174;-1300377907.6903174;0;-1300377907.6903174;0;-1300377907.6903174;-1300377907.6903174;-1300377907.6903174;-1300377907.6903174;-1300377907.6903174;-1300377907.6903174;0;-1300377907.6903174;-1300377907.6903174;-1300377907.6903174;0;0;-1300377907.6903174
-1551497500.0462086;0;0;0;-1551497500.0462086;0;0;0;0;0;0;-1551497500.0462086;0;-1551497500.0462086;0;0;0;0;0;0;-1551497500.0462086;0;-1551497500.0462086;0;0;0;-1551497500.0462086;0;0;0;0;0;-1551497500.0462086;0;-1551497500.0462086;0;-1551497500.0462086;0;0;0;0;0;0;0;0;-1551497500.0462086;0;0;0;0;0;0;0;0;0;0;0;0;0;0;0;-1551497500.0462086;0;0;0;0;0;0;-1551497500.0462086;0;0;0;0;0;0;0;0;0;0;0;0;0;0;0;0;0;0;0;0;-1551497500.0462086;0;0;0;0;0;0;0;0;-1551497500.0462086;0;0;0;0;0;0;0;0;0
0;-297113180.91821605;0;0;0;0;0;0;0;0;0;0;0;0;0;0;0;0;0;0;0;0;0;0;0;0;0;0;0;0;0;0;0;0;0;0;0;0;0;-297113180.91821605;0;0;0;0;0;0;0;0;0;0;0;0;0;0;0;0;0;0;0;0;0;0;-297113180.91821605;0;0;0;0;0;0;-297113180.91821605;0;0;0;0;0;0;0;0;0;0;0;0;0;0;0;0;0;0;0;0;0;0;-297113180.91821605;0;0;0;0;0;0;-297113180.91821605;0;0;0;0;0;0;0;-297113180.91821605
0;0;0;0;0;0;0;0;0;0;0;0;0;0;0;0;0;0;0;0;0;0;0;0;0;0;0;0;0;0;0;0;0;0;0;0;0;0;0;0;0;0;0;0;0;0;0;0;0;0;0;0;0;0;0;0;0;0;0;0;0;0;0;0;0;0;0;0;0;0;0;0;0;0;0;0;0;0;0;0;0;0;0;0;0;0;0;0;0;0;0;0;0;0;0;0;0;0;0;0;0;0;0;0;0;0;0;0
0;0;0;0;0;0;0;0;0;0;0;0;0;0;0;0;0;0;0;0;0;0;0;0;0;0;0;0;0;0;0;0;0;0;0;0;0;0;0;0;0;0;0;0;0;0;0;0;0;0;0;0;0;0;0;0;0;0;0;0;0;0;0;0;0;0;0;0;0;0;0;0;0;0;0;0;0;0;0;0;0;0;0;0;0;0;0;0;0;0;0;0;0;0;0;0;0;0;0;0;0;0;0;0;0;0;0;0
0;0;2576973665.1910706;0;0;2576973665.1910706;0;0;0;0;0;0;0;0;2576973665.1910706;2576973665.1910706;0;0;2576973665.1910706;0;0;2576973665.1910706;0;0;0;2576973665.1910706;0;0;0;2576973665.1910706;2576973665.1910706;0;0;0;0;0;0;0;0;0;0;0;0;2576973665.1910706;0;0;0;0;0;0;0;0;0;0;0;0;0;0;2576973665.1910706;2576973665.1910706;0;0;0;0;0;2576973665.1910706;0;0;0;0;2576973665.1910706;0;0;0;0;0;0;0;0;0;2576973665.1910706;2576973665.1910706;0;0;0;0;0;0;0;0;0;0;0;0;0;2576973665.1910706;0;0;0;0;0;0;0;0;0;2576973665.1910706;0;0
139401363.24724475;139401363.24724475;0;0;139401363.24724475;139401363.24724475;139401363.24724475;139401363.24724475;139401363.24724475;139401363.24724475;139401363.24724475;139401363.24724475;139401363.24724475;0;139401363.24724475;0;139401363.24724475;139401363.24724475;139401363.24724475;0;139401363.24724475;139401363.24724475;0;139401363.24724475;139401363.24724475;139401363.24724475;0;139401363.24724475;139401363.24724475;139401363.24724475;0;139401363.24724475;139401363.24724475;139401363.24724475;139401363.24724475;0;0;139401363.24724475;139401363.24724475;139401363.24724475;139401363.24724475;139401363.24724475;0;139401363.24724475;139401363.24724475;139401363.24724475;139401363.24724475;0;0;139401363.24724475;139401363.24724475;139401363.24724475;139401363.24724475;139401363.24724475;0;139401363.24724475;139401363.24724475;0;139401363.24724475;139401363.24724475;0;0;0;139401363.24724475;139401363.24724475;139401363.24724475;139401363.24724475;139401363.24724475;139401363.24724475;0;139401363.24724475;139401363.24724475;139401363.24724475;139401363.24724475;0;139401363.24724475;139401363.24724475;139401363.24724475;0;139401363.24724475;139401363.24724475;0;139401363.24724475;139401363.24724475;139401363.24724475;0;139401363.24724475;139401363.24724475;139401363.24724475;139401363.24724475;139401363.24724475;139401363.24724475;0;139401363.24724475;139401363.24724475;0;139401363.24724475;139401363.24724475;139401363.24724475;139401363.24724475;139401363.24724475;0;139401363.24724475;139401363.24724475;0;139401363.24724475;139401363.24724475;139401363.24724475
-306163072.36547941;-306163072.36547941;0;-306163072.36547941;-306163072.36547941;-306163072.36547941;-306163072.36547941;-306163072.36547941;-306163072.36547941;-306163072.36547941;-306163072.36547941;-306163072.36547941;-306163072.36547941;-306163072.36547941;-306163072.36547941;0;-306163072.36547941;-306163072.36547941;-306163072.36547941;-306163072.36547941;-306163072.36547941;-306163072.36547941;0;-306163072.36547941;-306163072.36547941;-306163072.36547941;-306163072.36547941;-306163072.36547941;-306163072.36547941;-306163072.36547941;-306163072.36547941;-306163072.36547941;-306163072.36547941;-306163072.36547941;-306163072.36547941;-306163072.36547941;0;-306163072.36547941;-306163072.36547941;-306163072.36547941;-306163072.36547941;-306163072.36547941;-306163072.36547941;0;-306163072.36547941;0;0;-306163072.36547941;-306163072.36547941;0;-306163072.36547941;-306163072.36547941;-306163072.36547941;-306163072.36547941;-306163072.36547941;-306163072.36547941;-306163072.36547941;-306163072.36547941;-306163072.36547941;-306163072.36547941;-306163072.36547941;-306163072.36547941;-306163072.36547941;-306163072.36547941;-306163072.36547941;0;-306163072.36547941;-306163072.36547941;0;-306163072.36547941;-306163072.36547941;-306163072.36547941;-306163072.36547941;-306163072.36547941;-306163072.36547941;-306163072.36547941;-306163072.36547941;-306163072.36547941;0;-306163072.36547941;-306163072.36547941;-306163072.36547941;-306163072.36547941;-306163072.36547941;-306163072.36547941;-306163072.36547941;-306163072.36547941;0;-306163072.36547941;-306163072.36547941;-306163072.36547941;-306163072.36547941;-306163072.36547941;-306163072.36547941;-306163072.36547941;-306163072.36547941;-306163072.36547941;0;0;-306163072.36547941;-306163072.36547941;-306163072.36547941;-306163072.36547941;-306163072.36547941;0;-306163072.36547941;-306163072.36547941;0
0;0;0;0;0;0;0;0;0;0;0;0;0;0;0;0;0;0;0;0;0;0;0;0;0;0;0;0;0;0;0;0;0;0;0;0;0;0;0;0;0;0;0;0;0;0;0;0;0;0;0;0;0;0;0;0;0;0;0;0;0;0;0;0;0;0;0;0;0;0;0;0;0;0;0;0;0;0;0;0;0;0;0;0;0;0;0;0;0;0;0;0;0;0;0;0;0;0;0;0;0;0;0;0;0;0;0;0
0;0;0;0;0;0;0;0;0;0;0;0;0;0;0;0;0;0;0;0;0;0;0;0;0;0;0;0;0;0;0;0;0;0;0;0;0;0;0;0;0;0;0;0;0;0;0;0;0;0;0;0;0;0;0;0;0;0;0;0;0;0;0;0;0;0;0;0;0;0;0;0;0;0;0;0;0;0;0;0;0;0;0;0;0;0;0;0;0;0;0;0;0;0;0;0;0;0;0;0;0;0;0;0;0;0;0;0
0;0;0;0;-1664899486.1127903;0;-1664899486.1127903;0;0;0;0;0;-1664899486.1127903;0;0;0;-1664899486.1127903;0;0;0;0;0;-1664899486.1127903;0;0;0;0;0;0;-1664899486.1127903;0;0;-1664899486.1127903;0;0;0;0;-1664899486.1127903;-1664899486.1127903;0;-1664899486.1127903;0;0;0;0;0;0;-1664899486.1127903;-1664899486.1127903;-1664899486.1127903;0;0;-1664899486.1127903;0;0;0;-1664899486.1127903;-1664899486.1127903;0;0;0;0;-1664899486.1127903;0;-1664899486.1127903;0;0;-1664899486.1127903;0;0;0;0;0;-1664899486.1127903;0;0;-1664899486.1127903;0;0;-1664899486.1127903;0;0;0;0;0;0;-1664899486.1127903;-1664899486.1127903;-1664899486.1127903;0;0;-1664899486.1127903;-1664899486.1127903;0;-1664899486.1127903;-1664899486.1127903;0;-1664899486.1127903;-1664899486.1127903;0;-1664899486.1127903;-1664899486.1127903;-1664899486.1127903;-1664899486.1127903;0;0;0;0
-1335153570.3975925;-1335153570.3975925;-1335153570.3975925;0;-1335153570.3975925;-1335153570.3975925;-1335153570.3975925;0;-1335153570.3975925;-1335153570.3975925;-1335153570.3975925;-1335153570.3975925;-1335153570.3975925;-1335153570.3975925;0;-1335153570.3975925;-1335153570.3975925;-1335153570.3975925;0;-1335153570.3975925;-1335153570.3975925;-1335153570.3975925;-1335153570.3975925;-1335153570.3975925;-1335153570.3975925;0;0;-1335153570.3975925;-1335153570.3975925;0;-1335153570.3975925;-1335153570.3975925;-1335153570.3975925;-1335153570.3975925;0;-1335153570.3975925;0;-1335153570.3975925;-1335153570.3975925;-1335153570.3975925;-1335153570.3975925;0;-1335153570.3975925;0;0;0;-1335153570.3975925;-1335153570.3975925;-1335153570.3975925;-1335153570.3975925;-1335153570.3975925;0;0;-1335153570.3975925;-1335153570.3975925;-1335153570.3975925;-1335153570.3975925;-1335153570.3975925;-1335153570.3975925;0;0;-1335153570.3975925;-1335153570.3975925;-1335153570.3975925;0;-1335153570.3975925;0;-1335153570.3975925;-1335153570.3975925;-1335153570.3975925;-1335153570.3975925;-1335153570.3975925;-1335153570.3975925;-1335153570.3975925;-1335153570.3975925;0;-1335153570.3975925;0;0;-1335153570.3975925;0;0;-1335153570.3975925;-1335153570.3975925;-1335153570.3975925;0;-1335153570.3975925;0;-1335153570.3975925;-1335153570.3975925;-1335153570.3975925;-1335153570.3975925;-1335153570.3975925;-1335153570.3975925;-1335153570.3975925;-1335153570.3975925;-1335153570.3975925;0;-1335153570.3975925;-1335153570.3975925;0;-1335153570.3975925;-1335153570.3975925;0;-1335153570.3975925;0;-1335153570.3975925;-1335153570.3975925
0;0;0;0;0;0;0;0;0;0;0;0;0;0;0;0;0;0;0;0;0;0;0;0;0;0;0;0;0;0;0;0;0;0;0;0;0;0;0;0;0;0;0;0;0;0;0;0;0;0;0;0;0;0;0;0;0;0;0;0;0;0;0;0;0;0;0;0;0;0;0;0;0;0;0;0;0;0;0;0;0;0;0;0;0;0;0;0;0;0;0;0;0;0;0;0;0;0;0;0;0;0;0;0;0;0;0;0
0;0;0;0;1424204620.827611;1424204620.827611;0;0;0;0;0;0;0;0;1424204620.827611;1424204620.827611;0;0;0;0;0;0;1424204620.827611;0;0;0;0;0;0;0;0;0;0;1424204620.827611;0;0;0;1424204620.827611;1424204620.827611;1424204620.827611;0;1424204620.827611;1424204620.827611;0;0;1424204620.827611;0;1424204620.827611;1424204620.827611;0;0;0;0;1424204620.827611;0;0;0;0;0;1424204620.827611;0;1424204620.827611;0;0;0;0;0;0;0;0;0;1424204620.827611;0;0;1424204620.827611;1424204620.827611;0;1424204620.827611;1424204620.827611;0;0;0;1424204620.827611;1424204620.827611;1424204620.827611;0;0;0;0;0;1424204620.827611;0;0;0;0;0;0;0;0;0;0;0;0;0;0;0;0;0
0;0;0;0;0;0;0;0;0;0;0;0;0;0;0;0;0;1671314421.713361;0;0;0;0;0;0;0;0;1671314421.713361;0;0;0;0;0;0;0;0;0;0;0;0;0;0;0;0;0;0;0;0;0;0;0;0;0;0;0;0;0;0;0;0;0;0;0;0;0;0;0;1671314421.713361;0;0;0;0;0;0;0;0;0;0;0;1671314421.713361;0;0;0;1671314421.713361;0;0;0;0;0;0;0;0;0;0;0;0;0;0;0;0;0;0;0;0;0;0;0;0;0
-459074570.78045201;-459074570.78045201;-459074570.78045201;-459074570.78045201;-459074570.78045201;-459074570.78045201;-459074570.78045201;0;-459074570.78045201;-459074570.78045201;-459074570.78045201;-459074570.78045201;-459074570.78045201;-459074570.78045201;-459074570.78045201;-459074570.78045201;-459074570.78045201;-459074570.78045201;-459074570.78045201;-459074570.78045201;-459074570.78045201;-459074570.78045201;-459074570.78045201;-459074570.78045201;-459074570.78045201;-459074570.78045201;-459074570.78045201;-459074570.78045201;0;-459074570.78045201;-459074570.78045201;-459074570.78045201;-459074570.78045201;-459074570.78045201;-459074570.78045201;-459074570.78045201;-459074570.78045201;-459074570.78045201;-459074570.78045201;-459074570.78045201;-459074570.78045201;-459074570.78045201;-459074570.78045201;-459074570.78045201;-459074570.78045201;-459074570.78045201;-459074570.78045201;-459074570.78045201;-459074570.78045201;-459074570.78045201;-459074570.78045201;-459074570.78045201;-459074570.78045201;-459074570.78045201;-459074570.78045201;-459074570.78045201;-459074570.78045201;-459074570.78045201;-459074570.78045201;-459074570.78045201;-459074570.78045201;-459074570.78045201;-459074570.78045201;-459074570.78045201;-459074570.78045201;-459074570.78045201;-459074570.78045201;-459074570.78045201;-459074570.78045201;-459074570.78045201;-459074570.78045201;-459074570.78045201;-459074570.78045201;-459074570.78045201;-459074570.78045201;-459074570.78045201;-459074570.78045201;-459074570.78045201;-459074570.78045201;-459074570.78045201;0;-459074570.78045201;0;-459074570.78045201;-459074570.78045201;-459074570.78045201;-459074570.78045201;-459074570.78045201;-459074570.78045201;-459074570.78045201;-459074570.78045201;-459074570.78045201;-459074570.78045201;-459074570.78045201;-459074570.78045201;-459074570.78045201;-459074570.78045201;-459074570.78045201;-459074570.78045201;-459074570.78045201;-459074570.78045201;-459074570.78045201;-459074570.78045201;-459074570.78045201;-459074570.78045201;-459074570.78045201;-459074570.78045201;-459074570.78045201
0;0;0;0;0;0;0;0;0;0;0;0;0;0;0;0;0;0;0;0;0;0;0;0;0;0;0;0;0;0;0;0;0;0;0;0;0;0;0;0;0;0;0;0;0;0;0;0;0;0;0;0;0;0;0;0;0;0;0;0;0;0;0;0;0;0;0;0;0;0;0;0;0;0;0;0;0;0;0;0;0;0;0;0;0;0;0;0;0;0;0;0;0;0;0;0;0;0;0;0;0;0;0;0;0;0;0;0
0;0;0;0;0;0;0;0;0;-4314652804.0090857;0;0;0;0;0;0;0;0;0;0;0;0;0;0;0;0;0;0;0;0;0;0;0;0;0;0;0;0;0;0;0;0;0;0;0;0;0;0;0;0;0;0;0;0;0;0;0;0;0;0;0;0;0;0;0;0;0;0;0;0;0;0;0;0;0;0;0;0;0;0;0;0;-4314652804.0090857;0;0;0;0;0;0;0;0;0;0;0;0;0;-4314652804.0090857;0;0;0;0;0;0;0;0;0;0;0
0;0;0;0;0;0;0;0;0;0;0;0;0;0;0;0;0;0;0;0;0;0;0;0;0;0;0;0;0;0;0;0;0;0;0;0;0;0;0;0;0;0;0;0;0;0;0;0;0;0;0;0;0;0;0;0;0;0;0;0;0;0;0;0;0;0;0;0;0;0;0;0;0;0;0;0;0;0;0;0;0;0;0;0;0;0;0;0;0;0;0;0;0;0;0;0;0;0;0;0;0;0;0;0;0;0;0;0
0;0;0;0;0;0;0;0;0;0;0;0;0;0;0;0;0;0;0;0;0;0;0;0;0;0;0;0;0;0;0;0;0;0;0;0;0;0;0;0;0;0;0;0;0;0;0;0;0;0;0;0;0;0;0;0;0;0;0;0;0;0;0;0;0;0;0;0;0;0;0;0;0;0;0;0;0;0;0;0;0;0;0;0;0;0;0;0;0;0;0;0;0;0;0;0;0;0;0;0;0;0;0;0;0;0;0;0
0;0;0;0;0;0;0;0;0;0;0;0;0;0;0;0;0;0;0;0;0;0;0;0;0;0;0;0;0;0;0;0;0;0;0;0;0;0;0;0;9452075499.2875748;0;0;0;0;0;0;0;0;0;0;0;0;0;0;0;0;0;0;0;0;0;0;0;0;0;0;0;0;0;0;0;9452075499.2875748;0;0;0;0;0;0;0;0;0;0;0;0;0;0;0;0;0;0;0;0;0;0;0;0;0;0;0;0;0;0;0;0;0;0;0
0;0;0;0;0;0;0;0;0;0;0;1196184445.6838388;0;0;0;0;0;0;0;0;0;0;0;1196184445.6838388;0;0;1196184445.6838388;0;0;0;0;0;0;0;0;1196184445.6838388;0;0;0;0;0;0;0;0;0;0;0;0;0;0;0;0;0;0;0;0;0;0;0;0;0;0;0;0;0;0;0;0;0;0;0;0;0;0;0;0;0;0;0;0;0;0;0;0;0;0;0;0;0;0;0;0;0;0;0;0;0;0;0;0;0;0;0;0;0;0;0;0
-52227765.560711764;-52227765.560711764;-52227765.560711764;-52227765.560711764;-52227765.560711764;-52227765.560711764;-52227765.560711764;-52227765.560711764;-52227765.560711764;-52227765.560711764;-52227765.560711764;-52227765.560711764;-52227765.560711764;-52227765.560711764;-52227765.560711764;-52227765.560711764;-52227765.560711764;-52227765.560711764;-52227765.560711764;-52227765.560711764;-52227765.560711764;-52227765.560711764;-52227765.560711764;-52227765.560711764;-52227765.560711764;-52227765.560711764;-52227765.560711764;-52227765.560711764;-52227765.560711764;-52227765.560711764;-52227765.560711764;-52227765.560711764;-52227765.560711764;-52227765.560711764;-52227765.560711764;-52227765.560711764;-52227765.560711764;-52227765.560711764;-52227765.560711764;-52227765.560711764;-52227765.560711764;-52227765.560711764;-52227765.560711764;-52227765.560711764;-52227765.560711764;-52227765.560711764;-52227765.560711764;-52227765.560711764;-52227765.560711764;-52227765.560711764;-52227765.560711764;-52227765.560711764;-52227765.560711764;-52227765.560711764;-52227765.560711764;-52227765.560711764;-52227765.560711764;-52227765.560711764;-52227765.560711764;-52227765.560711764;-52227765.560711764;-52227765.560711764;-52227765.560711764;-52227765.560711764;-52227765.560711764;-52227765.560711764;-52227765.560711764;-52227765.560711764;-52227765.560711764;-52227765.560711764;-52227765.560711764;-52227765.560711764;-52227765.560711764;-52227765.560711764;-52227765.560711764;-52227765.560711764;-52227765.560711764;-52227765.560711764;-52227765.560711764;-52227765.560711764;-52227765.560711764;-52227765.560711764;-52227765.560711764;-52227765.560711764;-52227765.560711764;-52227765.560711764;-52227765.560711764;-52227765.560711764;-52227765.560711764;-52227765.560711764;-52227765.560711764;-52227765.560711764;-52227765.560711764;-52227765.560711764;-52227765.560711764;-52227765.560711764;-52227765.560711764;-52227765.560711764;-52227765.560711764;-52227765.560711764;-52227765.560711764;-52227765.560711764;-52227765.560711764;-52227765.560711764;-52227765.560711764;-52227765.560711764;-52227765.560711764;-52227765.560711764
0;0;0;0;0;0;0;0;0;0;0;0;0;0;0;0;0;0;0;0;0;0;0;0;0;0;0;0;0;0;0;0;0;0;0;0;0;0;0;0;0;0;0;0;0;0;0;0;0;0;0;0;0;0;0;0;0;0;0;0;0;0;0;0;0;0;0;0;0;0;0;0;0;0;0;0;0;0;0;0;0;0;0;0;0;0;0;0;0;0;0;0;0;0;0;0;0;0;0;0;0;0;0;0;0;0;0;0
-222087810.79813367;-222087810.79813367;-222087810.79813367;-222087810.79813367;-222087810.79813367;-222087810.79813367;-222087810.79813367;-222087810.79813367;-222087810.79813367;-222087810.79813367;-222087810.79813367;-222087810.79813367;-222087810.79813367;-222087810.79813367;-222087810.79813367;-222087810.79813367;-222087810.79813367;-222087810.79813367;-222087810.79813367;-222087810.79813367;-222087810.79813367;-222087810.79813367;-222087810.79813367;-222087810.79813367;-222087810.79813367;-222087810.79813367;-222087810.79813367;-222087810.79813367;-222087810.79813367;-222087810.79813367;-222087810.79813367;-222087810.79813367;-222087810.79813367;-222087810.79813367;-222087810.79813367;-222087810.79813367;-222087810.79813367;-222087810.79813367;-222087810.79813367;-222087810.79813367;-222087810.79813367;-222087810.79813367;-222087810.79813367;-222087810.79813367;-222087810.79813367;-222087810.79813367;-222087810.79813367;-222087810.79813367;-222087810.79813367;-222087810.79813367;-222087810.79813367;-222087810.79813367;-222087810.79813367;-222087810.79813367;-222087810.79813367;-222087810.79813367;-222087810.79813367;-222087810.79813367;-222087810.79813367;-222087810.79813367;-222087810.79813367;-222087810.79813367;-222087810.79813367;-222087810.79813367;-222087810.79813367;-222087810.79813367;-222087810.79813367;-222087810.79813367;-222087810.79813367;-222087810.79813367;-222087810.79813367;-222087810.79813367;-222087810.79813367;-222087810.79813367;-222087810.79813367;-222087810.79813367;-222087810.79813367;-222087810.79813367;-222087810.79813367;-222087810.79813367;-222087810.79813367;-222087810.79813367;-222087810.79813367;-222087810.79813367;-222087810.79813367;-222087810.79813367;-222087810.79813367;-222087810.79813367;-222087810.79813367;-222087810.79813367;-222087810.79813367;-222087810.79813367;-222087810.79813367;-222087810.79813367;-222087810.79813367;-222087810.79813367;-222087810.79813367;-222087810.79813367;-222087810.79813367;-222087810.79813367;-222087810.79813367;-222087810.79813367;-222087810.79813367;-222087810.79813367;-222087810.79813367;-222087810.79813367;-222087810.79813367;-222087810.79813367
