0.53638935275375843;0.67407723562791944;0.4880561800673604;0.60617162985727191;0.30004207789897919;0.9805802539922297;0.85487171541899443;0.11545309191569686;0.19476777128875256;0.1371309501118958;0.19063820783048868;0.59446049062535167;0.64291779324412346;0.69893323862925172;0.17046504374593496;0.79001379897817969;0.27301263250410557;0.75588189112022519;0.40384118724614382;0.75504718674346805;0.6373932734131813;0.058905309531837702;0.43646623473614454;0.54428773140534759;0.99041943810880184;0.68341767461970448;0.48450334463268518;0.18141850410029292;0.3459647037088871;0.073630469385534525;0.87000404205173254;0.49147603055462241;0.53295849449932575;0.81147337751463056;0.62625489849597216;0.89223212702199817;0.46772494912147522;0.95387455681338906;0.24179608654230833;0.73831011122092605;0.36186866275966167;0.28215028764680028;0.011861809529364109;0.31178538827225566;0.084457304328680038;0.30725399637594819;0.96599260624498129;0.053020411636680365;0.39725110866129398;0.37463465379551053;0.84056953061372042;0.12548401905223727;0.28172924369573593;0.71245454857125878;0.06502020638436079;0.90830514347180724;0.076663052663207054;0.76691643567755818;0.23044675681740046;0.51031089900061488;0.64498617127537727;0.66845005983486772;0.0094256093725562096;0.89929904183372855;0.28871151991188526;0.17250805394724011;0.9957291753962636;0.74029480619356036;0.63064517080783844;0.91872121253982186;0.43271940480917692;0.53654211526736617;0.18164709024131298;0.3521631401963532;0.29916321579366922;0.16697916714474559;0.81218875572085381;0.1504742749966681;0.7212197994813323;0.41394839575514197;0.84695764817297459;0.50059528695419431;0.1793497996404767;0.57489080680534244;0.0012586191296577454;0.068859851453453302;0.47889636736363173;0.75177468871697783;0.87796213291585445;0.0081967976875603199;0.95308809075504541;0.91200869856402278;0.24374938383698463;0.84619163209572434;0.86721379961818457;0.31458932301029563;0.80340428836643696;0.59775743680074811
0.67074062349274755;0.47814799193292856;0.86502187279984355;0.98655357584357262;0.42885367060080171;0.80612675007432699;0.072725707199424505;0.37223098613321781;0.1829790179617703;0.34373620618134737;0.94918253971263766;0.23303510993719101;0.6554195792414248;0.19423210900276899;0.88328692829236388;0.28469041548669338;0.44276873441413045;0.15379470679908991;0.89988161204382777;0.54833366349339485;0.98209685320034623;0.13132855203002691;0.28902997216209769;0.76543089933693409;0.99174719350412488;0.48818418104201555;0.94427286786958575;0.77949132025241852;0.23049117485061288;0.26655166875571012;0.0036198473535478115;0.60332801751792431;0.91879302682355046;0.77527605835348368;0.88702473370358348;0.39061559364199638;0.66593381250277162;0.50184466596692801;0.32409558584913611;0.030494654551148415;0.24674482690170407;0.81929626036435366;0.46578903449699283;0.58397317677736282;0.071700370404869318;0.45680211763828993;0.67383899306878448;0.28087474964559078;0.69411989720538259;0.20266895089298487;0.08166974363848567;0.29608369246125221;0.19822953874245286;0.80851371493190527;0.52054339786991477;0.023837046697735786;0.81183300213888288;0.56336028594523668;0.90469173295423388;0.068813443183898926;0.58734184363856912;0.5064080161973834;0.66918240254744887;0.6727688442915678;0.49491511704400182;0.74722216371446848;0.35426952270790935;0.79546916112303734;0.77145839715376496;0.86209619697183371;0.92997863283380866;0.56866974569857121;0.86923217820003629;0.83533597458153963;0.95467603160068393;0.34189175814390182;0.84781964728608727;0.51421579997986555;0.16137248789891601;0.03874540887773037;0.55320383282378316;0.046356351114809513;0.56551132677122951;0.042550075799226761;0.42770412797108293;0.26827448513358831;0.68799089035019279;0.33000129647552967;0.29452218906953931;0.5138549180701375;0.98717137379571795;0.071634635329246521;0.96064720908179879;0.81149377953261137;0.093616036232560873;0.41783642582595348;0.98187056602910161;0.93866404239088297
0.87916459608823061;0.56567163718864322;0.6334846094250679;0.89290026435628533;0.82337974291294813;0.39863767242059112;0.86933424137532711;0.54215237172320485;0.30967168603092432;0.14781516371294856;0.75271487608551979;0.55612682038918138;0.57598550524562597;0.21673184772953391;0.36731668002903461;0.37551794247701764;0.92892320174723864;0.99813512666150928;0.788521409034729;0.42187791923061013;0.45651225280016661;0.81185827916488051;0.010038150474429131;0.69075642945244908;0.84839604143053293;0.98917104629799724;0.52483594045042992;0.60069967294111848;0.29219616111367941;0.6973645924590528;0.27912325598299503;0.44185876892879605;0.91479659546166658;0.59832084132358432;0.2181243821978569;0.26795752951875329;0.73729977291077375;0.93481618678197265;0.1424026545137167;0.57536960812285542;0.61240449640899897;0.1383095788769424;0.093480575829744339;0.61305502289906144;0.11295574810355902;0.55196498474106193;0.9875068087130785;0.66710605518892407;0.84041636902838945;0.36265822453424335;0.7157200425863266;0.16365252295508981;0.12201061379164457;0.33571818238124251;0.43045973591506481;0.93387642921879888;0.56528958026319742;0.44615239230915904;0.23547373339533806;0.48488598549738526;0.4388685142621398;0.00010699918493628502;0.99927275814116001;0.6201990102417767;0.34808598924428225;0.34031109465286136;0.51028177887201309;0.25358570227399468;0.17433496098965406;0.72925542807206511;0.69253825210034847;0.76002078922465444;0.7468156972900033;0.50385549245402217;0.10068723931908607;0.70749505097046494;0.21546058263629675;0.095348985400050879;0.41302339918911457;0.31343621807172894;0.59378079790621996;0.0081776450388133526;0.14132985472679138;0.46948924520984292;0.44038487505167723;0.35160346096381545;0.27626393549144268;0.67840595962479711;0.1479191267862916;0.017809260170906782;0.087039794772863388;0.74679408455267549;0.80817995127290487;0.10023366799578071;0.79415790177881718;0.57747563766315579;0.12214801181107759;0.64589044405147433
0.35759220598265529;0.29870795086026192;0.55426529282703996;0.53380888607352972;0.65617345413193107;0.51805919595062733;0.13929929630830884;0.21189969498664141;0.072129450272768736;0.45160232484340668;0.31001721182838082;0.44619932305067778;0.50555470352992415;0.25362992100417614;0.17299166740849614;0.67433699313551188;0.97247237293049693;0.81109295412898064;0.66697149956598878;0.0262560760602355;0.22629422834143043;0.056955272331833839;0.68336515175178647;0.4998732702806592;0.96326498640701175;0.62534496933221817;0.3800834477879107;0.40040965657681227;0.20564102148637176;0.5672526266425848;0.032491740304976702;0.51214362774044275;0.95635345159098506;0.34552643075585365;0.26522143417969346;0.97133569326251745;0.71890559932217002;0.8279141653329134;0.0085908849723637104;0.30907515902072191;0.97625482780858874;0.49690207839012146;0.023385672364383936;0.63279868196696043;0.22242875164374709;0.59510062448680401;0.33774824859574437;0.41523069981485605;0.64062582282349467;0.42492708191275597;0.439926961902529;0.85949573572725058;0.021550291683524847;0.521335044875741;0.57063445495441556;0.30915257800370455;0.015731542836874723;0.91634079068899155;0.95876543829217553;0.67190033476799726;0.31357780611142516;0.21409652195870876;0.34422383876517415;0.32570636365562677;0.84691424248740077;0.69526048377156258;0.6316093229688704;0.47610607650130987;0.60575540503486991;0.16941395588219166;0.018513195682317019;0.43342461902648211;0.16406207485124469;0.79427511990070343;0.44217367330566049;0.77867042552679777;0.50823247199878097;0.58045980148017406;0.68824053229764104;0.88685064855962992;0.26207784144207835;0.80053908750414848;0.0053991326130926609;0.77645846363157034;0.90203241398558021;0.021143818274140358;0.56960381614044309;0.75388224888592958;0.056347742211073637;0.97686595469713211;0.6416706801392138;0.82148663979023695;0.4820214114151895;0.004706820473074913;0.76197972567752004;0.31811545882374048;0.81321012554690242;0.25782221928238869
0.69427117705345154;0.27064147451892495;0.58888436388224363;0.77098841732367873;0.47448418848216534;0.034199912566691637;0.91496414784342051;0.034926760476082563;0.54211124405264854;0.013919214252382517;0.11198339518159628;0.30810129037126899;0.74655906297266483;0.78840264724567533;0.1660790191963315;0.84455701662227511;0.21554704755544662;0.080685547087341547;0.65877825301140547;0.3444677940569818;0.93018052540719509;0.78106246562674642;0.17312657926231623;0.65567440865561366;0.32932086661458015;0.10077369445934892;0.15098753478378057;0.09045703848823905;0.66200247593224049;0.20030116336420178;0.67026439029723406;0.45129208965227008;0.30664665997028351;0.1360237137414515;0.11079370509833097;0.35934340720996261;0.77582236938178539;0.4689817470498383;0.17766075674444437;0.97943786112591624;0.62530381605029106;0.37950124824419618;0.25068684574216604;0.73527530720457435;0.98617496527731419;0.63142718421295285;0.52883847523480654;0.10862292302772403;0.93873090296983719;0.22971627721562982;0.93830840568989515;0.11624391889199615;0.44692607782781124;0.1151391533203423;0.27301858458667994;0.55831062374636531;0.072119418531656265;0.7398418658412993;0.53629495110362768;0.63205194612964988;0.18486632592976093;0.86751679377630353;0.95246411580592394;0.004385210108011961;0.89350754022598267;0.44193291524425149;0.617121915332973;0.93728236621245742;0.40830488316714764;0.86757545592263341;0.25482384208589792;0.55962057737633586;0.059873875230550766;0.54614491248503327;0.052947348915040493;0.87926717987284064;0.69066322781145573;0.012665451038628817;0.040476028807461262;0.62914901925250888;0.63823121041059494;0.51495268056169152;0.98045566957443953;0.54105616128072143;0.029068892821669579;0.38019080134108663;0.24487218353897333;0.14092997787520289;0.60172026231884956;0.012369128409773111;0.64070141222327948;0.65938560804352164;0.77794921584427357;0.86432798998430371;0.65588080603629351;0.15121879382058978;0.20070342719554901;0.22816400090232491
0.38446273887529969;0.67608710285276175;0.68375257542356849;0.19925298728048801;0.66785992728546262;0.72371657658368349;0.36988247884437442;0.36739272624254227;0.63612124929204583;0.44380204658955336;0.55320080136880279;0.074692210182547569;0.63040795596316457;0.085343585349619389;0.1998954969458282;0.29071349278092384;0.65950672561302781;0.13799525704234838;0.079461099114269018;0.075465099886059761;0.7000005622394383;0.84366179723292589;0.33733055694028735;0.0079908967018127441;0.064799068961292505;0.34676716756075621;0.12024144595488906;0.050505829975008965;0.18377809645608068;0.95194498542696238;0.34808655409142375;0.066828545182943344;0.64027876639738679;0.4579008286818862;0.22599884262308478;0.71386087872087955;0.80721586989238858;0.036196415312588215;0.59042078210040927;0.92486422508955002;0.92654564091935754;0.62370565813034773;0.68290806328877807;0.70328277908265591;0.97584290476515889;0.29749259445816278;0.44541768310591578;0.44586365297436714;0.16573760146275163;0.60086119081825018;0.93083040555939078;0.5138238687068224;0.41196068422868848;0.28932702261954546;0.92245759768411517;0.27081422507762909;0.62574939290061593;0.46526082884520292;0.35628244047984481;0.3064300399273634;0.16636190237477422;0.56995394174009562;0.6396855148486793;0.064018767327070236;0.29945134604349732;0.20185559149831533;0.46040476253256202;0.59153448976576328;0.0050492142327129841;0.22973208595067263;0.17947982205078006;0.63418928533792496;0.97890812763944268;0.16949786525219679;0.40193073963746428;0.78765146993100643;0.17095398576930165;0.29346843156963587;0.81892105517908931;0.93054071441292763;0.70459749037399888;0.44078515376895666;0.91515526315197349;0.65497003681957722;0.5206550438888371;0.99776194710284472;0.63526064855977893;0.91388466954231262;0.58962902287021279;0.016903827898204327;0.6029034978710115;0.60394780151546001;0.036097426433116198;0.94334734324365854;0.9863896849565208;0.30272319540381432;0.018962899688631296;0.91747287567704916
0.40562752168625593;0.37749434029683471;0.31304354034364223;0.48360438318923116;0.95753488037735224;0.39638976333662868;0.44430391862988472;0.074965449515730143;0.13719284441322088;0.44250957807525992;0.12274539656937122;0.059202753473073244;0.96769511420279741;0.027680776547640562;0.43272189795970917;0.96669415989890695;0.85024055372923613;0.22265216475352645;0.96578186564147472;0.43208846868947148;0.056198620237410069;0.47581994859501719;0.94847587868571281;0.15267943823710084;0.045346668921411037;0.92218769481405616;0.49321114458143711;0.19638918386772275;0.07902913261204958;0.27631066692993045;0.19090286642313004;0.5031109512783587;0.096988576464354992;0.90297453617677093;0.76417248509824276;0.92316126497462392;0.32661862764507532;0.1593584674410522;0.99984279647469521;0.6365914517082274;0.59338878002017736;0.60243258019909263;0.67947994358837605;0.29710853891447186;0.80119107384234667;0.15533978445455432;0.7267322838306427;0.74435552814975381;0.55135865043848753;0.82651199167594314;0.29021613113582134;0.62830104352906346;0.369106181897223;0.075270700734108686;0.98069837316870689;0.78948835516348481;0.50614217575639486;0.41766195883974433;0.98132596351206303;0.73889377759769559;0.78820315469056368;0.36627569748088717;0.24965228885412216;0.081144443247467279;0.47625971119850874;0.29779944336041808;0.53021041117608547;0.22484545083716512;0.61014443729072809;0.34205640433356166;0.39638318493962288;0.22376638883724809;0.80335172917693853;0.88627793034538627;0.040320249274373055;0.092637233901768923;0.95775946695357561;0.78836034936830401;0.02965189516544342;0.44130362430587411;0.86702256929129362;0.89285617833957076;0.74974980764091015;0.77099150838330388;0.17738842312246561;0.94344970909878612;0.75028468295931816;0.27643116796389222;0.67468418832868338;0.48566696932539344;0.71483072079718113;0.49759061681106687;0.36622597742825747;0.85357005847617984;0.27226699143648148;0.6647683740593493;0.32639991026371717;0.83418585872277617
0.27994427224621177;0.32703672535717487;0.92317140894010663;0.39954207558184862;0.75940329534932971;0.38137677311897278;0.59244140842929482;0.84948534797877073;0.72785486048087478;0.53703133575618267;0.25761403562501073;0.027286895550787449;0.93563609151169658;0.43797042593359947;0.44087318563833833;0.29598335083574057;0.59605866065248847;0.58179412223398685;0.99108579801395535;0.12388936150819063;0.82522812439128757;0.02175893634557724;0.0070196301676332951;0.44580364506691694;0.0095976344309747219;0.8793510552495718;0.047670405823737383;0.50663691852241755;0.19500602362677455;0.88615645840764046;0.4734483384527266;0.15621170308440924;0.090950266923755407;0.67377790994942188;0.26197402970865369;0.063984003849327564;0.7838423172943294;0.030548825860023499;0.14223374286666512;0.82243686448782682;0.7530003166757524;0.84379401616752148;0.39084405126050115;0.40789579693228006;0.28312418190762401;0.94638730213046074;0.13417586171999574;0.96751608606427908;0.86700556566938758;0.58635600842535496;0.50008781300857663;0.40119196940213442;0.69222219241783023;0.73828233033418655;0.46301904926076531;0.70713769178837538;0.80556656932458282;0.9752515759319067;0.72619136841967702;0.55989043507725;0.048959072213619947;0.12009728327393532;0.48467074567452073;0.089485122822225094;0.36059540649875998;0.39469321258366108;0.41303823189809918;0.33055109996348619;0.53507844312116504;0.28604221343994141;0.72142022708430886;0.3100806875154376;0.036284429486840963;0.84791196696460247;0.62362812878564;0.24261961225420237;0.95671357540413737;0.65676760300993919;0.061157355550676584;0.80162931140512228;0.71707501402124763;0.14075119234621525;0.026795745361596346;0.93577111233025789;0.59985613776370883;0.50045811384916306;0.33159132907167077;0.1988622872158885;0.71062630927190185;0.94026029668748379;0.15892947884276509;0.06225398276001215;0.46082494733855128;0.42892633751034737;0.2494694315828383;0.17838102485984564;0.1657839878462255;0.70828849263489246
0.2483850996941328;0.79780596913769841;0.62082504574209452;0.1442830297164619;0.67178679630160332;0.62277993047609925;0.21151985879987478;0.36357853701338172;0.70592817105352879;0.4771943842060864;0.85607983637601137;0.73985870135948062;0.67109454423189163;0.07962909946218133;0.47654734831303358;0.57968165492638946;0.76732434891164303;0.53369649918749928;0.20253770146518946;0.89098339853808284;0.2256542481482029;0.59110318357124925;0.6504139443859458;0.18422526260837913;0.95741112716495991;0.13932082848623395;0.87238354701548815;0.73252574307844043;0.92030096054077148;0.75761645892634988;0.94426695536822081;0.8845267123542726;0.9200445543974638;0.68519209744408727;0.66068802122026682;0.52374400524422526;0.066310163587331772;0.0451837875880301;0.30643630679696798;0.26815237989649177;0.60169298388063908;0.66826999234035611;0.97275126446038485;0.50375485373660922;0.32249151915311813;0.35963936755433679;0.3872782913967967;0.84588641440495849;0.31003082357347012;0.95306791039183736;0.7264466593042016;0.12200210569426417;0.19128261879086494;0.99585548276081681;0.37901931907981634;0.46969948848709464;0.64753228612244129;0.40837170975282788;0.12956458050757647;0.643725476693362;0.38984273374080658;0.96196125308051705;0.73059966694563627;0.1257175481878221;0.32006513886153698;0.91895845951512456;0.33215614501386881;0.13042933074757457;0.096146564930677414;0.67856138432398438;0.73751722928136587;0.10219056298956275;0.82048445381224155;0.77231518970802426;0.95387696195393801;0.79535143030807376;0.070077992975711823;0.05295491823926568;0.0066712675616145134;0.53246127581223845;0.98722635768353939;0.42035764129832387;0.48633088264614344;0.73393168626353145;0.64952382817864418;0.92835398251190782;0.79620616044849157;0.31293395301327109;0.43790178187191486;0.61614901619032025;0.57041375059634447;0.029280907940119505;0.62146756052970886;0.90810254076495767;0.23035515379160643;0.39604313438758254;0.87789021246135235;0.92561872722581029
0.034353614319115877;0.1796532915905118;0.36663794470950961;0.36132179945707321;0.9560467810370028;0.71436617057770491;0.53388089453801513;0.61534822545945644;0.65931571694090962;0.99806121084839106;0.42966363904997706;0.10793577507138252;0.49810090893879533;0.15582948829978704;0.013849364127963781;0.45982295460999012;0.85566260712221265;0.23981743771582842;0.76970060868188739;0.10277579724788666;0.12248609820380807;0.30137040745466948;0.31362047558650374;0.94059860520064831;0.83629635395482183;0.32059808913618326;0.90137821761891246;0.41444156691431999;0.8279320546425879;0.96211182232946157;0.42456919839605689;0.69115524925291538;0.71682898746803403;0.62568377424031496;0.99105922831222415;0.1934419646859169;0.5998628200031817;0.76057799439877272;0.6831632754765451;0.19055401347577572;0.27730124862864614;0.91230334434658289;0.58730855165049434;0.66828880086541176;0.85961552197113633;0.47053830232471228;0.68893197318539023;0.19703082926571369;0.098901339340955019;0.58697764296084642;0.7263619969598949;0.01659056544303894;0.28865912416949868;0.23185099195688963;0.59743483131751418;0.056590182706713676;0.075683672446757555;0.85786325577646494;0.4125950220040977;0.11114617809653282;0.027813176158815622;0.64030692633241415;0.78823041310533881;0.88659886457026005;0.30128762172535062;0.76209626067429781;0.47399148298427463;0.14103873819112778;0.25146656343713403;0.71247333567589521;0.907845055218786;0.63437972031533718;0.33065627189353108;0.068135977722704411;0.79261238453909755;0.10772927477955818;0.11679625744000077;0.7255375673994422;0.28774161776527762;0.010805400088429451;0.81675516860559583;0.053108719177544117;0.91006462974473834;0.19615049660205841;0.087986065540462732;0.93215083610266447;0.73728823428973556;0.29889210872352123;0.52229106845334172;0.1551515394821763;0.0079697701148688793;0.020800542086362839;0.63544538104906678;0.15027197357267141;0.71172706177458167;0.037393355742096901;0.70643068896606565;0.50075598526746035
0.69569768104702234;0.83716979203745723;0.59135064855217934;0.29673643643036485;0.47104231920093298;0.055164368357509375;0.57920675165951252;0.43126303749158978;0.39846341032534838;0.50742746097967029;0.25351044535636902;0.3625750825740397;0.99701870512217283;0.47656090324744582;0.795837027952075;0.26285799266770482;0.79949123505502939;0.36402486590668559;0.0335061214864254;0.38159058475866914;0.092501617036759853;0.48347281804308295;0.98731116391718388;0.21290347026661038;0.70154223311692476;0.18807086301967502;0.51104577630758286;0.60629682848230004;0.78968328516930342;0.92555144941434264;0.74157700501382351;0.16446755500510335;0.13870072457939386;0.31475145695731044;0.57821543887257576;0.77199578518047929;0.8813760569319129;0.83738465746864676;0.91013220138847828;0.59864079253748059;0.15371802169829607;0.23879855079576373;0.81057281792163849;0.42099626222625375;0.63585614692419767;0.2314655757509172;0.41661795787513256;0.60625493945553899;0.45035617891699076;0.59495869604870677;0.71324105188250542;0.6018326529301703;0.38670738693326712;0.26616136124357581;0.94041278399527073;0.27460171328857541;0.9207317428663373;0.51346184266731143;0.84200245887041092;0.94348368654027581;0.9976649759337306;0.78868194436654449;0.47522624395787716;0.44915154250338674;0.047659502364695072;0.35049008904024959;0.79939228668808937;0.10459117824211717;0.20245923008769751;0.25304877897724509;0.76269270665943623;0.87027231650426984;0.18199623841792345;0.79364643199369311;0.10579246282577515;0.59767877915874124;0.8196593327447772;0.013063592370599508;0.6009650956839323;0.68494813563302159;0.69498447421938181;0.34242351679131389;0.94552534446120262;0.98837072635069489;0.84251708444207907;0.99027713527902961;0.02830863930284977;0.33349806116893888;0.0055962251499295235;0.16367238713428378;0.78794746845960617;0.46961059281602502;0.40381065290421247;0.71695793187245727;0.381694620475173;0.81129486532881856;0.48287674877792597;0.32207123516127467
0.40151684684678912;0.016792014241218567;0.19736583391204476;0.85323333274573088;0.15337729221209884;0.84489068202674389;0.47732818545773625;0.72798269335180521;0.70343199698254466;0.93497843667864799;0.19907929981127381;0.57431467529386282;0.93583003571256995;0.091479087248444557;0.81738211261108518;0.76062937546521425;0.97247530473396182;0.403965063393116;0.39529881486669183;0.15599064808338881;0.52495523309335113;0.55660565756261349;0.173893001396209;0.64562903437763453;0.017953868489712477;0.91691214218735695;0.022791194263845682;0.84761656727641821;0.077899338211864233;0.12252976186573505;0.1153537412174046;0.4994634510949254;0.4805956850759685;0.38482660055160522;0.67220508912578225;0.48338661622256041;0.15158907836303115;0.22802932374179363;0.11687343241646886;0.95900014881044626;0.31301839975640178;0.8826557956635952;0.48728973651304841;0.57217759545892477;0.37070020427927375;0.051994571462273598;0.44689613627269864;0.20883614290505648;0.63519805623218417;0.27038126438856125;0.73911370942369103;0.26239267271012068;0.47062624013051391;0.57202178798615932;0.42891962500289083;0.88364169094711542;0.96493784664198756;0.68911247327923775;0.775283666793257;0.1818051328882575;0.7154472335241735;0.49800706095993519;0.078214131761342287;0.84550404269248247;0.82333686156198382;0.93218056857585907;0.34416310349479318;0.15240212809294462;0.6908985055051744;0.080740032717585564;0.1135411006398499;0.836271190084517;0.71525884000584483;0.69123212620615959;0.29409110033884645;0.78022842761129141;0.47233940055593848;0.79549765028059483;0.34387193666771054;0.0048956172540783882;0.48480091942474246;0.67732290178537369;0.64760107407346368;0.92023016791790724;0.16772203659638762;0.90063791535794735;0.43010675581172109;0.309778050519526;0.045762385707348585;0.61701158061623573;0.050639527384191751;0.016098602674901485;0.8355600549839437;0.87119363434612751;0.021793134976178408;0.79611120838671923;0.48711342317983508;0.1234535276889801
0.099083121865987778;0.36706812167540193;0.0030099814757704735;0.61635764827951789;0.073727378621697426;0.28490358637645841;0.58199793566018343;0.065708100330084562;0.96961193531751633;0.57697620103135705;0.25964656751602888;0.77702892338857055;0.69789583049714565;0.95865375967696309;0.89182850811630487;0.25428883312270045;0.64897852018475533;0.49554667109623551;0.32409381773322821;0.91706781229004264;0.63866687007248402;0.95055385725572705;0.51264166552573442;0.59506394667550921;0.32113902270793915;0.94926802674308419;0.033963884226977825;0.82533463602885604;0.78745513968169689;0.30749032320454717;0.45191039983183146;0.046022180002182722;0.56836501881480217;0.36460434878244996;0.51092653628438711;0.28031373908743262;0.76016258634626865;0.66655956255272031;0.62421219516545534;0.40438567055389285;0.49233726412057877;0.84221405396237969;0.62555291038006544;0.59308223938569427;0.45577221177518368;0.016786691267043352;0.25357277784496546;0.037078704219311476;0.71023944392800331;0.60616864496842027;0.33715926017612219;0.52527877828106284;0.48994182236492634;0.83584428625181317;0.15080986637622118;0.98619646532461047;0.22585192322731018;0.82817146042361856;0.90865070652216673;0.58207227056846023;0.50359777919948101;0.60177113534882665;0.86587692145258188;0.44947378663346171;0.17564549669623375;0.82677642488852143;0.99636498745530844;0.68013065448030829;0.34652874805033207;0.67969098733738065;0.71520689595490694;0.63575389934703708;0.44987513870000839;0.64160679886117578;0.61491620820015669;0.19058964168652892;0.13597944937646389;0.58353130193427205;0.68405598495155573;0.99545718310400844;0.18867375329136848;0.98257392877712846;0.97703859116882086;0.35702146729454398;0.19024440832436085;0.61274199979379773;0.20384737569838762;0.82604991598054767;0.1531459242105484;0.55409599700942636;0.20843022596091032;0.088403639849275351;0.83726170472800732;0.86401421250775456;0.804514997638762;0.25251302449032664;0.97146166488528252;0.75431677186861634
0.35518640885129571;0.21954752784222364;0.32117681717500091;0.69645338319242001;0.26557600172236562;0.55478938017040491;0.42487939773127437;0.70776418223977089;0.66755713755264878;0.98439179267734289;0.20523187657818198;0.73173688538372517;0.49950481252744794;0.30043039936572313;0.56926388246938586;0.17004719376564026;0.75291749695315957;0.26585943531244993;0.063981545623391867;0.86027626506984234;0.97180678369477391;0.21595216635614634;0.1169680836610496;0.68809333071112633;0.50794641161337495;0.23591319378465414;0.51721876254305243;0.072485188022255898;0.87573066400364041;0.38341263402253389;0.22996023250743747;0.54278256744146347;0.050392142031341791;0.92479217331856489;0.13920423900708556;0.12623337469995022;0.053328913170844316;0.053692997433245182;0.81178570864722133;0.76487280800938606;0.66829103464260697;0.060855596326291561;0.87663521012291312;0.48044035024940968;0.6321764518506825;0.42384144384413958;0.11303579015657306;0.50609363615512848;0.14418627182021737;0.78542655240744352;0.84161418443545699;0.10366919450461864;0.03708941163495183;0.28941690269857645;0.71181640354916453;0.28524006530642509;0.45434662187471986;0.24263574834913015;0.47961769392713904;0.1577202919870615;0.37684388505294919;0.57183279562741518;0.86921687377616763;0.10926628857851028;0.84298518905416131;0.044265258125960827;0.11246504401788116;0.55622508190572262;0.20589467557147145;0.72070078644901514;0.25977867422625422;0.46937942877411842;0.2714781635440886;0.60959227290004492;0.8562870635651052;0.39823980815708637;0.66109404759481549;0.99117453116923571;0.076964176725596189;0.21213328838348389;0.24258357146754861;0.3802328510209918;0.91449485486373305;0.27683926932513714;0.97341047646477818;0.59629342798143625;0.5136254015378654;0.28552209958434105;0.99966002488508821;0.90998566802591085;0.24574854364618659;0.46271056868135929;0.3546473984606564;0.73432636726647615;0.61747276736423373;0.36007427424192429;0.10088547179475427;0.82967576663941145
0.22084447648376226;0.13648332795128226;0.1436831671744585;0.25122027890756726;0.18875738698989153;0.23400603933259845;0.45083822309970856;0.17763592163100839;0.87609475385397673;0.022559104021638632;0.68062355928122997;0.9972739857621491;0.7567406827583909;0.69260415760800242;0.12831534072756767;0.78523584688082337;0.49884655233472586;0.94738207152113318;0.46528073586523533;0.11029811250045896;0.92174019385129213;0.36460728896781802;0.42537928372621536;0.75500539550557733;0.71650694590061903;0.4358965358696878;0.051911136135458946;0.47287246258929372;0.39899258408695459;0.37768190680071712;0.723862174898386;0.62644575769081712;0.46397812571376562;0.30735832592472434;0.6801960039883852;0.049974300432950258;0.20927650947123766;0.87841538293287158;0.26094281673431396;0.98043995955958962;0.19850115012377501;0.96830354398116469;0.58383513800799847;0.40069710137322545;0.83125636819750071;0.51278473762795329;0.87524044141173363;0.63847161317244172;0.98949969466775656;0.080517315771430731;0.17414064146578312;0.56496930168941617;0.22882605064660311;0.28162538958713412;0.62790846079587936;0.23684366652742028;0.48342380207031965;0.60400254046544433;0.098630672320723534;0.32527304859831929;0.75345268938690424;0.77109990594908595;0.29872821643948555;0.17589715356007218;0.74359363224357367;0.21494864067062736;0.17462319321930408;0.84336295025423169;0.92152040917426348;0.75816675228998065;0.75720272958278656;0.9442299441434443;0.96504321228712797;0.098700312431901693;0.19782972149550915;0.67198482574895024;0.066674076952040195;0.1910490426234901;0.20865045115351677;0.81791549408808351;0.064364186488091946;0.11772627523168921;0.6259490791708231;0.14159445511177182;0.86716305185109377;0.54470328940078616;0.31529901176691055;0.93472159514203668;0.14454956632107496;0.35458802198991179;0.13726114295423031;0.1220763293094933;0.74818493518978357;0.55128815351054072;0.19237897172570229;0.74332912499085069;0.8348374804481864;0.029908569063991308
0.19984660809859633;0.95137788169085979;0.36509310128167272;0.79864118341356516;0.78342844871804118;0.74425565823912621;0.65814257645979524;0.77018559630960226;0.78052046289667487;0.88361758925020695;0.49990057991817594;0.89324760902673006;0.90476238681003451;0.11253952234983444;0.9411612362600863;0.27584371250122786;0.15381342684850097;0.17006135545670986;0.30349351139739156;0.62321177218109369;0.66714034555479884;0.42680715397000313;0.7391777359880507;0.37636083271354437;0.6990399225614965;0.76865214295685291;0.76575150387361646;0.27054279763251543;0.80064579052850604;0.94718657433986664;0.61891494551673532;0.28239598404616117;0.80466964608058333;0.11572646908462048;0.76754537643864751;0.43451055232435465;0.70662683574482799;0.76962123438715935;0.43457132065668702;0.42616581078618765;0.036296316888183355;0.80960815586149693;0.46745590912178159;0.55898939538747072;0.81316499365493655;0.94696376472711563;0.40203965315595269;0.92628832440823317;0.67960642790421844;0.16920207999646664;0.063492592889815569;0.33480192814022303;0.30554392514750361;0.48506972566246986;0.5481258207000792;0.9276266535744071;0.65834799548611045;0.66758792288601398;0.92981237964704633;0.97706274408847094;0.23171818954870105;0.21389135718345642;0.53476753691211343;0.81613279413431883;0.82729930942878127;0.24061392061412334;0.12843843223527074;0.37752217892557383;0.98278199462220073;0.53357132896780968;0.85825310135260224;0.30869135912507772;0.64023768296465278;0.47049061395227909;0.29597887443378568;0.13191006053239107;0.14843794656917453;0.035536490380764008;0.42344014951959252;0.41796332877129316;0.19290820276364684;0.6443845983594656;0.90534554095938802;0.44227945897728205;0.74746580002829432;0.99859162047505379;0.49297440284863114;0.29222980048507452;0.64099247893318534;0.68801227398216724;0.90247272746637464;0.89435043651610613;0.83319120807573199;0.76001317799091339;0.011508418712764978;0.93023573886603117;0.99307739501819015;0.9742335956543684
0.74131410755217075;0.26792673813179135;0.17073761392384768;0.79061107290908694;0.54542539268732071;0.18771708616986871;0.59669895749539137;0.30735920881852508;0.88668989203870296;0.66701823147013783;0.27884079609066248;0.45628407178446651;0.68205735459923744;0.85878189140930772;0.3465877017006278;0.27702179690822959;0.89400212652981281;0.54977173404768109;0.58981804270297289;0.24178755981847644;0.9903620183467865;0.93534365156665444;0.89038253854960203;0.53699178760871291;0.33972404710948467;0.306335408706218;0.26104468945413828;0.99134074477478862;0.76110705360770226;0.49181566620245576;0.46059308107942343;0.24417149415239692;0.94669119454920292;0.40144237922504544;0.65387556422501802;0.24777123285457492;0.97634430974721909;0.51118057081475854;0.085505309514701366;0.69743100320920348;0.64269516430795193;0.63612948032096028;0.2359887370839715;0.48298377869650722;0.80550356581807137;0.83420908683910966;0.42902532126754522;0.75557692488655448;0.49407735653221607;0.7844560076482594;0.35872927028685808;0.70342903537675738;0.97648628056049347;0.48367877164855599;0.50552308093756437;0.63032114272937179;0.51432272605597973;0.60522246779873967;0.90945296827703714;0.4305723044089973;0.021759342402219772;0.36359276855364442;0.26967617031186819;0.054249563720077276;0.34765353240072727;0.22868932830169797;0.83887012768536806;0.056362285744398832;0.39944881945848465;0.33339855680242181;0.081313538365066051;0.82379086827859282;0.82762308977544308;0.91829576762393117;0.56338928733021021;0.57369982777163386;0.48943370953202248;0.65720670158043504;0.04525925125926733;0.71718526026234031;0.41070951707661152;0.20737842516973615;0.24246097821742296;0.68190667731687427;0.46443969011306763;0.82800960401073098;0.2261762423440814;0.7874532169662416;0.48490948788821697;0.41089015128090978;0.9309214735403657;0.26719422964379191;0.036132868379354477;0.76690025115385652;0.73841006215661764;0.030364239122718573;0.55333198048174381;0.51211875723674893
0.77902279468253255;0.13711989019066095;0.36498613236472011;0.26671238616108894;0.43130314582958817;0.64199271705001593;0.61039574583992362;0.6731893140822649;0.26604866283014417;0.36802997905761003;0.40765123767778277;0.78475625813007355;0.39920849958434701;0.59448229800909758;0.69529926544055343;0.36495873145759106;0.27951837005093694;0.6914740139618516;0.90867451159283519;0.61117250844836235;0.053124571684747934;0.71949048992246389;0.94510964443907142;0.9367081169039011;0.77781738387420774;0.82378729153424501;0.21312965406104922;0.59471220523118973;0.33062384137883782;0.39247124176472425;0.35938056325539947;0.86261578463017941;0.35250988276675344;0.44700335059314966;0.76704251347109675;0.0058793462812900543;0.073941873852163553;0.23387361969798803;0.41947722574695945;0.73978485353291035;0.36505750613287091;0.48619772214442492;0.22285983664914966;0.40802460908889771;0.854196070227772;0.3239855570718646;0.38154510920867324;0.5968369971960783;0.45853810431435704;0.26183167938143015;0.9199180188588798;0.40343910083174706;0.17060441756621003;0.29277760442346334;0.94447871437296271;0.077506193891167641;0.4443644885905087;0.51709598768502474;0.73991185380145907;0.25444810837507248;0.02470423886552453;0.28474667947739363;0.29289031540974975;0.49923247657716274;0.56400318117812276;0.32025465462356806;0.33736328361555934;0.37950484827160835;0.86957094306126237;0.79875981714576483;0.51507870992645621;0.78675568290054798;0.1256931652314961;0.84198867995291948;0.74509014887735248;0.72428421676158905;0.93403677502647042;0.40289791952818632;0.39599796896800399;0.28070920519530773;0.51616463484242558;0.0077398056164383888;0.35467493860051036;0.0077765397727489471;0.92190956557169557;0.32429950591176748;0.58522618701681495;0.42121374048292637;0.5873577450402081;0.02505426574498415;0.27193354023620486;0.84338132292032242;0.086191481444984674;0.91400446277111769;0.13993423199281096;0.30647104047238827;0.41814136179164052;0.78592653665691614
0.024856341071426868;0.34779737098142505;0.69340640306472778;0.073741911444813013;0.68546674679964781;0.15337137645110488;0.76931138150393963;0.043295432347804308;0.3251637602224946;0.8441261830739677;0.050042208284139633;0.95516795897856355;0.54831702169030905;0.72382756462320685;0.59972728230059147;0.10121959494426847;0.59777731169015169;0.18067580414935946;0.64947956055402756;0.22047688672319055;0.99733260553330183;0.71110940491780639;0.64121980033814907;0.61570997210219502;0.17658600304275751;0.46509317634627223;0.80079667642712593;0.90086910361424088;0.047005533240735531;0.90664069494232535;0.95915377326309681;0.72313054697588086;0.99789583403617144;0.68332114024087787;0.84029345214366913;0.30330185452476144;0.28104170691221952;0.29850050574168563;0.53478759340941906;0.13833651365712285;0.25277354661375284;0.68006718484684825;0.37758521363139153;0.70970797026529908;0.44220464583486319;0.23939193179830909;0.9488669577986002;0.54139302717521787;0.9143903749063611;0.51427219761535525;0.4166964665055275;0.45121461758390069;0.89715923648327589;0.98961084103211761;0.9402186181396246;0.33929395349696279;0.14036579523235559;0.18957921443507075;0.35215464606881142;0.35736204916611314;0.97631548251956701;0.63501462480053306;0.83934413082897663;0.80268061952665448;0.55011127609759569;0.75980216963216662;0.84008386731147766;0.5803223536349833;0.18867225479334593;0.37999094789847732;0.87701360695064068;0.57756056310608983;0.37717402819544077;0.80939464597031474;0.5442986749112606;0.79411820555105805;0.31166104134172201;0.21542649855837226;0.36785946227610111;0.57202628301456571;0.4965807544067502;0.30891862465068698;0.75739779323339462;0.76884161541238427;0.35598969738930464;0.96167573845013976;0.76897016726434231;0.21797398896887898;0.32718139979988337;0.84551323531195521;0.89685787633061409;0.31987267965450883;0.40548619534820318;0.6865296526812017;0.61348399706184864;0.10782235162332654;0.60899290163069963;0.22836350603029132
0.02694380609318614;0.7766907624900341;0.6283657499589026;0.011281660757958889;0.50879205157980323;0.22456705011427402;0.97003768431022763;0.72364835906773806;0.46559522999450564;0.95680848509073257;0.13459712872281671;0.76898588519543409;0.14202182507142425;0.25951307080686092;0.92255592020228505;0.85222692880779505;0.72825881419703364;0.87360516563057899;0.54228569800034165;0.29200504627078772;0.8174091293476522;0.17537747509777546;0.0039388020522892475;0.75100134033709764;0.82187349302694201;0.57382991909980774;0.081728546414524317;0.10496301483362913;0.94246662920340896;0.84355537407100201;0.1883188677020371;0.91914380434900522;0.78401784924790263;0.61192229017615318;0.0050733485259115696;0.50091627892106771;0.2112060128711164;0.71930418349802494;0.21191361593082547;0.99730602372437716;0.53837886406108737;0.6711060032248497;0.16053711483255029;0.50619769375771284;0.6471067420206964;0.90033737383782864;0.83474425645545125;0.66996294353157282;0.1252206671051681;0.059482712298631668;0.94162494176998734;0.72026023175567389;0.021084801759570837;0.060418220236897469;0.47735445993021131;0.44275650102645159;0.30685328645631671;0.081125751137733459;0.61134876171126962;0.030520732514560223;0.64446145063266158;0.25795355252921581;0.23252910794690251;0.29483937565237284;0.54810139862820506;0.28217388316988945;0.0014460929669439793;0.20220365282148123;0.53693197062239051;0.61958750523626804;0.25201304303482175;0.20621873904019594;0.37177307857200503;0.57192505151033401;0.58659878978505731;0.34318481665104628;0.96953441714867949;0.89879526756703854;0.50822981866076589;0.56010000500828028;0.089128549676388502;0.21893012896180153;0.93365179235115647;0.24383516516536474;0.38261836906895041;0.90947683341801167;0.9310004492290318;0.42023057956248522;0.90534893376752734;0.72208666801452637;0.52583187678828835;0.591864506714046;0.67881367867812514;0.83455075137317181;0.91926216008141637;0.68324361089617014;0.40000500110909343;0.5567326508462429
0.30161108821630478;0.6205919892527163;0.29507756512612104;0.38527212059125304;0.46725145541131496;0.86362389894202352;0.12016636226326227;0.55141247389838099;0.87640442326664925;0.81923657888546586;0.11120614316314459;0.095874325837939978;0.8803993184119463;0.44649594323709607;0.82144197542220354;0.2193274418823421;0.87792111933231354;0.033958567772060633;0.24277096521109343;0.21847277646884322;0.50727119855582714;0.24593633832409978;0.51655768696218729;0.14851805893704295;0.74292493984103203;0.67462047422304749;0.97062148805707693;0.47588775446638465;0.61513623036444187;0.24181492673233151;0.9511456685140729;0.81491740001365542;0.77133882790803909;0.29402915248647332;0.41825853567570448;0.34228231525048614;0.59809460304677486;0.73468026192858815;0.77403633389621973;0.98291068850085139;0.12233865633606911;0.037154542747884989;0.89167804922908545;0.96113103767856956;0.41067131049931049;0.48247835831716657;0.81460208911448717;0.81080404622480273;0.68544697761535645;0.46534842113032937;0.094214837066829205;0.43818877404555678;0.87640990130603313;0.21227144123986363;0.23510108236223459;0.33129324344918132;0.82662677392363548;0.75556314969435334;0.21638632472604513;0.5094594000838697;0.87146622873842716;0.50695669697597623;0.55802095402032137;0.30693244887515903;0.0093752071261405945;0.27457042643800378;0.9007363049313426;0.58416456496343017;0.38320220075547695;0.066985022742301226;0.56842258665710688;0.46060297964140773;0.29081736877560616;0.52818003529682755;0.08167868759483099;0.16271244129166007;0.44377953000366688;0.3470797766931355;0.091283855028450489;0.080982051324099302;0.69280003011226654;0.48545859614387155;0.70034124981611967;0.62966647511348128;0.93875348381698132;0.56795552792027593;0.64384337607771158;0.0030115279369056225;0.44798539206385612;0.27794831478968263;0.29440938588231802;0.42171413591131568;0.29066663421690464;0.10303680645301938;0.96294425893574953;0.96336667193099856;0.12094483524560928;0.27388573298230767
0.1465166681446135;0.36569280829280615;0.029878081288188696;0.034912662580609322;0.38356564240530133;0.50389547366648912;0.30024353368207812;0.99060416221618652;0.59822434047237039;0.86023704241961241;0.37529824441298842;0.97881592623889446;0.0423900973983109;0.51938042882829905;0.53406586078926921;0.37581777200102806;0.93001926923170686;0.071779257617890835;0.99315395345911384;0.33143145777285099;0.51073563145473599;0.17996204365044832;0.19032335234805942;0.43980704993009567;0.58679815242066979;0.6584882466122508;0.49579185759648681;0.72074616514146328;0.81717814179137349;0.53632620070129633;0.44502232549712062;0.13032208755612373;0.65249577397480607;0.070402919314801693;0.086745129432529211;0.31954676099121571;0.24456598656252027;0.17907577473670244;0.53996499581262469;0.85983465611934662;0.17430375376716256;0.26427605282515287;0.35370221501216292;0.65401351265609264;0.34173873485997319;0.89107438270002604;0.76321822730824351;0.7516319565474987;0.86188929760828614;0.29341804143041372;0.43647558381780982;0.28731399215757847;0.31024591671302915;0.17479013372212648;0.80458228243514895;0.76091036945581436;0.16161394724622369;0.77254064660519361;0.56997047876939178;0.37819682620465755;0.766065773088485;0.65463937912136316;0.48605957208201289;0.67086920514702797;0.70575233036652207;0.21760074701160192;0.0021536662243306637;0.11458544619381428;0.87632400589063764;0.35433046240359545;0.8673234055750072;0.9638044536113739;0.13671091059222817;0.26064408849924803;0.28702218597754836;0.022171838209033012;0.87101252796128392;0.84920746926218271;0.72618674067780375;0.56720253452658653;0.30624673748388886;0.7396490341052413;0.95257210126146674;0.14801029302179813;0.92970821307972074;0.29359397757798433;0.41407093359157443;0.47483404725790024;0.84968619653955102;0.66337031405419111;0.54376724874600768;0.11911115609109402;0.44329164596274495;0.32313680741935968;0.086474488954991102;0.24284752085804939;0.13514375919476151;0.051182775758206844
0.84188273083418608;0.0054723299108445644;0.17982041649520397;0.40263131679967046;0.62072726432234049;0.5449093016795814;0.084575396031141281;0.57668965542688966;0.74359857197850943;0.066471406724303961;0.032008225098252296;0.99206440197303891;0.30655788350850344;0.35478226793929935;0.36767277866601944;0.3677015365101397;0.97078331094235182;0.87203966593369842;0.42429791949689388;0.95406406791880727;0.25932277832180262;0.037678624968975782;0.64178261533379555;0.38994355732575059;0.55501882638782263;0.3732688738964498;0.68523793108761311;0.2838810165412724;0.2683552922680974;0.60639668209478259;0.77982589602470398;0.36394718149676919;0.14397586416453123;0.32728107040748;0.98114524595439434;0.53963216068223119;0.17462451104074717;0.29187439708039165;0.59991404041647911;0.71959445858374238;0.091257787309587002;0.96519731869921088;0.49969915486872196;0.7290193741209805;0.89807901252061129;0.39865812612697482;0.48644264787435532;0.17033677408471704;0.42124432604759932;0.035106455441564322;0.50853500328958035;0.57104824157431722;0.33999061677604914;0.53537137387320399;0.88618524745106697;0.66241359943524003;0.66893532779067755;0.22003384074196219;0.28883794136345387;0.13274680869653821;0.16029813606292009;0.22018354339525104;0.67938704788684845;0.69907124200835824;0.59479450713843107;0.93091010814532638;0.9439366739243269;0.84088433207944036;0.42995112482458353;0.86127868620678782;0.42585868760943413;0.03978159511461854;0.77459319587796926;0.47453991463407874;0.082897210493683815;0.86869002925232053;0.15825362969189882;0.11232425225898623;0.48606998473405838;0.7744608880020678;0.064254092983901501;0.59657069062814116;0.379116615280509;0.8975718286819756;0.69520793948322535;0.60293983994051814;0.017243687063455582;0.77268843585625291;0.93969501461833715;0.39946138998493552;0.0039167571812868118;0.25383511977270246;0.0088583352044224739;0.044165946077555418;0.84444922208786011;0.50792538980022073;0.7116726441308856;0.63545123999938369
0.34305691113695502;0.34943489171564579;0.75293991016224027;0.17248592246323824;0.84222969366237521;0.21484812349081039;0.55934672662988305;0.81779021304100752;0.57918003713712096;0.33350572548806667;0.11091421218588948;0.46426630113273859;0.13075263379141688;0.18381984904408455;0.44554281467571855;0.36285975482314825;0.13979406794533134;0.87468818016350269;0.21443712012842298;0.033368376083672047;0.96590965194627643;0.58970780670642853;0.25376112619414926;0.055335755459964275;0.63895463710650802;0.71693596057593822;0.81840289058163762;0.21636670175939798;0.20900979964062572;0.88294763490557671;0.32159855449572206;0.98661454673856497;0.086591401603072882;0.60994007624685764;0.92416574107483029;0.78819032479077578;0.46684552682563663;0.81463415175676346;0.81709632882848382;0.028243827633559704;0.43147679185494781;0.86772259138524532;0.54125860007479787;0.3644665339961648;0.82216143188998103;0.43261510506272316;0.18795876437798142;0.17176641430705786;0.47919476171955466;0.80223037488758564;0.82411185698583722;0.67886461038142443;0.93912301165983081;0.95258492231369019;0.98577201226726174;0.7435639901086688;0.18510953849181533;0.031928850337862968;0.58377211214974523;0.73543957713991404;0.54378541139885783;0.50417846068739891;0.065222809556871653;0.49470085557550192;0.32233437290415168;0.66539574600756168;0.17462092684581876;0.835975949652493;0.27956217480823398;0.75206475704908371;0.15831722924485803;0.56576767843216658;0.52470028912648559;0.35991484485566616;0.75609357329085469;0.48233148548752069;0.93769399402663112;0.39204077795147896;0.82359943026676774;0.32672524359077215;0.70472483476623893;0.25506973452866077;0.9293977846391499;0.15378093440085649;0.062717459630221128;0.52212516963481903;0.77037040749564767;0.09174820315092802;0.84658083086833358;0.7813375573605299;0.74923250498250127;0.95935978833585978;0.93293381063267589;0.8886520080268383;0.55790674174204469;0.70906882639974356;0.17406512191519141;0.34368276037275791
0.54187544248998165;0.34705474646762013;0.89114700350910425;0.93786739883944392;0.25228339806199074;0.60908846789970994;0.23000968899577856;0.049162508454173803;0.72359086759388447;0.74399796919897199;0.64379276055842638;0.4180644522421062;0.40251749753952026;0.65697800973430276;0.039127211086452007;0.91250221198424697;0.1892665158957243;0.28425209643319249;0.36566618923097849;0.65012248186394572;0.080957349389791489;0.25457150721922517;0.074947304092347622;0.13537462940439582;0.18810511566698551;0.15032368944957852;0.12417680490761995;0.23058003140613437;0.34289699047803879;0.21200003335252404;0.49368563573807478;0.55473578488454223;0.018015449866652489;0.82977302046492696;0.68680736515671015;0.40380279300734401;0.77475838735699654;0.66593274706974626;0.18092799093574286;0.78622822603210807;0.9592061061412096;0.75193282263353467;0.29845761973410845;0.66745235724374652;0.86518518626689911;0.40379564324393868;0.46647402178496122;0.017149773892015219;0.082779226824641228;0.29962704004719853;0.33378806058317423;0.75295496312901378;0.25113646313548088;0.5629903026856482;0.71418099757283926;0.17442227294668555;0.93432425893843174;0.19588957773521543;0.82456367183476686;0.98097024811431766;0.83898047357797623;0.70511264214292169;0.78680755477398634;0.46756034111604095;0.092511704191565514;0.26568305166438222;0.86199767980724573;0.99185999808833003;0.80058840289711952;0.26517166430130601;0.38585744705051184;0.30664011975750327;0.60268686898052692;0.57261753873899579;0.8740953030064702;0.85115689737722278;0.44442811608314514;0.37580820778384805;0.26642329525202513;0.59526802366599441;0.28546361438930035;0.93066932680085301;0.77799750212579966;0.53003327874466777;0.96165790781378746;0.066513697151094675;0.32703033741563559;0.39854949107393622;0.92031810618937016;0.79089966462925076;0.0073247300460934639;0.76076987339183688;0.047220252454280853;0.83784889290109277;0.57448017876595259;0.9860577336512506;0.30418256483972073;0.50317351194098592
